,pred
2018-08-03 00:00:00,30747.998
2018-08-03 01:00:00,28575.041
2018-08-03 02:00:00,27978.014
2018-08-03 03:00:00,27365.34
2018-08-03 04:00:00,26971.217
2018-08-03 05:00:00,27070.607
2018-08-03 06:00:00,28074.92
2018-08-03 07:00:00,29369.697
2018-08-03 08:00:00,32282.082
2018-08-03 09:00:00,34055.312
2018-08-03 10:00:00,35640.23
2018-08-03 11:00:00,38493.484
2018-08-03 12:00:00,39992.824
2018-08-03 13:00:00,41573.69
2018-08-03 14:00:00,42482.523
2018-08-03 15:00:00,43312.066
2018-08-03 16:00:00,43500.94
2018-08-03 17:00:00,44381.746
2018-08-03 18:00:00,43857.723
2018-08-03 19:00:00,42805.94
2018-08-03 20:00:00,41199.76
2018-08-03 21:00:00,40305.754
2018-08-03 22:00:00,39476.96
2018-08-03 23:00:00,36539.586
2018-08-04 00:00:00,31660.848
2018-08-04 01:00:00,28381.764
2018-08-04 02:00:00,27799.451
2018-08-04 03:00:00,27369.146
2018-08-04 04:00:00,26873.443
2018-08-04 05:00:00,26714.006
2018-08-04 06:00:00,26796.768
2018-08-04 07:00:00,27334.832
2018-08-04 08:00:00,29014.365
2018-08-04 09:00:00,30843.525
2018-08-04 10:00:00,32589.38
2018-08-04 11:00:00,34224.48
2018-08-04 12:00:00,36197.574
2018-08-04 13:00:00,37318.934
2018-08-04 14:00:00,37976.508
2018-08-04 15:00:00,38452.582
2018-08-04 16:00:00,38750.01
2018-08-04 17:00:00,38844.74
2018-08-04 18:00:00,38844.74
2018-08-04 19:00:00,38751.98
2018-08-04 20:00:00,37382.418
2018-08-04 21:00:00,36425.01
2018-08-04 22:00:00,34655.105
2018-08-04 23:00:00,33363.72
2018-08-05 00:00:00,29530.525
2018-08-05 01:00:00,27282.273
2018-08-05 02:00:00,26065.08
2018-08-05 03:00:00,25246.996
2018-08-05 04:00:00,24661.54
2018-08-05 05:00:00,24248.52
2018-08-05 06:00:00,24302.51
2018-08-05 07:00:00,24153.168
2018-08-05 08:00:00,25159.76
2018-08-05 09:00:00,27114.482
2018-08-05 10:00:00,28855.19
2018-08-05 11:00:00,30924.36
2018-08-05 12:00:00,33073.867
2018-08-05 13:00:00,34028.367
2018-08-05 14:00:00,34787.277
2018-08-05 15:00:00,35291.023
2018-08-05 16:00:00,36072.184
2018-08-05 17:00:00,37188.293
2018-08-05 18:00:00,37881.254
2018-08-05 19:00:00,37730.957
2018-08-05 20:00:00,36801.31
2018-08-05 21:00:00,36402.996
2018-08-05 22:00:00,35077.91
2018-08-05 23:00:00,33403.617
2018-08-06 00:00:00,28981.215
2018-08-06 01:00:00,27760.629
2018-08-06 02:00:00,26896.0
2018-08-06 03:00:00,26238.787
2018-08-06 04:00:00,26025.79
2018-08-06 05:00:00,26311.492
2018-08-06 06:00:00,27535.697
2018-08-06 07:00:00,29035.67
2018-08-06 08:00:00,31708.48
2018-08-06 09:00:00,33078.727
2018-08-06 10:00:00,34401.633
2018-08-06 11:00:00,36098.35
2018-08-06 12:00:00,37317.285
2018-08-06 13:00:00,38673.48
2018-08-06 14:00:00,38979.617
2018-08-06 15:00:00,38851.7
2018-08-06 16:00:00,38602.77
2018-08-06 17:00:00,38521.605
2018-08-06 18:00:00,38488.957
2018-08-06 19:00:00,37973.41
2018-08-06 20:00:00,37920.637
2018-08-06 21:00:00,37524.566
2018-08-06 22:00:00,36029.8
2018-08-06 23:00:00,33723.715
2018-08-07 00:00:00,28970.508
2018-08-07 01:00:00,27770.982
2018-08-07 02:00:00,27020.816
2018-08-07 03:00:00,26368.004
2018-08-07 04:00:00,25851.957
2018-08-07 05:00:00,26296.28
2018-08-07 06:00:00,27721.914
2018-08-07 07:00:00,29279.271
2018-08-07 08:00:00,31738.295
2018-08-07 09:00:00,33141.8
2018-08-07 10:00:00,34314.562
2018-08-07 11:00:00,35832.387
2018-08-07 12:00:00,37475.83
2018-08-07 13:00:00,39039.66
2018-08-07 14:00:00,40197.586
2018-08-07 15:00:00,40737.027
2018-08-07 16:00:00,41316.035
2018-08-07 17:00:00,41682.473
2018-08-07 18:00:00,41757.19
2018-08-07 19:00:00,41382.504
2018-08-07 20:00:00,40554.27
2018-08-07 21:00:00,39882.24
2018-08-07 22:00:00,38427.473
2018-08-07 23:00:00,34923.54
2018-08-08 00:00:00,30524.936
2018-08-08 01:00:00,28815.88
2018-08-08 02:00:00,27249.932
2018-08-08 03:00:00,26538.393
2018-08-08 04:00:00,26258.17
2018-08-08 05:00:00,26313.178
2018-08-08 06:00:00,27292.91
2018-08-08 07:00:00,29703.191
2018-08-08 08:00:00,31955.39
2018-08-08 09:00:00,32941.797
2018-08-08 10:00:00,34819.89
2018-08-08 11:00:00,37135.47
2018-08-08 12:00:00,38965.715
2018-08-08 13:00:00,40120.973
2018-08-08 14:00:00,40923.336
2018-08-08 15:00:00,41933.152
2018-08-08 16:00:00,42799.152
2018-08-08 17:00:00,43337.137
2018-08-08 18:00:00,43337.137
2018-08-08 19:00:00,42932.06
2018-08-08 20:00:00,41206.152
2018-08-08 21:00:00,40844.965
2018-08-08 22:00:00,39632.895
2018-08-08 23:00:00,37118.594
2018-08-09 00:00:00,30608.127
2018-08-09 01:00:00,29701.611
2018-08-09 02:00:00,28530.123
2018-08-09 03:00:00,27888.98
2018-08-09 04:00:00,27059.283
2018-08-09 05:00:00,27154.834
2018-08-09 06:00:00,28480.227
2018-08-09 07:00:00,30212.17
2018-08-09 08:00:00,32009.416
2018-08-09 09:00:00,33868.883
2018-08-09 10:00:00,36385.605
2018-08-09 11:00:00,37944.34
2018-08-09 12:00:00,39477.89
2018-08-09 13:00:00,40618.137
2018-08-09 14:00:00,41667.367
2018-08-09 15:00:00,42295.434
2018-08-09 16:00:00,42895.16
2018-08-09 17:00:00,42932.06
2018-08-09 18:00:00,42932.06
2018-08-09 19:00:00,42297.535
2018-08-09 20:00:00,40871.98
2018-08-09 21:00:00,40247.605
2018-08-09 22:00:00,39420.066
2018-08-09 23:00:00,37118.992
2018-08-10 00:00:00,31129.033
2018-08-10 01:00:00,29563.363
2018-08-10 02:00:00,28809.768
2018-08-10 03:00:00,28055.156
2018-08-10 04:00:00,27911.633
2018-08-10 05:00:00,27962.791
2018-08-10 06:00:00,28648.1
2018-08-10 07:00:00,30073.912
2018-08-10 08:00:00,31887.93
2018-08-10 09:00:00,34418.64
2018-08-10 10:00:00,36642.45
2018-08-10 11:00:00,37829.258
2018-08-10 12:00:00,39504.906
2018-08-10 13:00:00,40671.13
2018-08-10 14:00:00,41662.22
2018-08-10 15:00:00,42785.855
2018-08-10 16:00:00,43230.05
2018-08-10 17:00:00,43618.316
2018-08-10 18:00:00,43618.316
2018-08-10 19:00:00,42441.26
2018-08-10 20:00:00,41472.69
2018-08-10 21:00:00,40955.527
2018-08-10 22:00:00,39551.88
2018-08-10 23:00:00,37567.18
2018-08-11 00:00:00,31472.74
2018-08-11 01:00:00,29901.496
2018-08-11 02:00:00,29106.793
2018-08-11 03:00:00,28316.303
2018-08-11 04:00:00,27829.797
2018-08-11 05:00:00,27658.154
2018-08-11 06:00:00,27918.186
2018-08-11 07:00:00,28439.064
2018-08-11 08:00:00,29894.832
2018-08-11 09:00:00,31877.285
2018-08-11 10:00:00,33786.07
2018-08-11 11:00:00,35679.426
2018-08-11 12:00:00,37709.426
2018-08-11 13:00:00,39988.465
2018-08-11 14:00:00,41035.9
2018-08-11 15:00:00,41803.863
2018-08-11 16:00:00,42608.543
2018-08-11 17:00:00,42610.69
2018-08-11 18:00:00,42610.69
2018-08-11 19:00:00,42608.543
2018-08-11 20:00:00,41512.418
2018-08-11 21:00:00,41196.27
2018-08-11 22:00:00,39034.973
2018-08-11 23:00:00,37373.113
2018-08-12 00:00:00,31660.182
2018-08-12 01:00:00,30130.02
2018-08-12 02:00:00,29472.768
2018-08-12 03:00:00,28810.576
2018-08-12 04:00:00,28137.31
2018-08-12 05:00:00,27716.932
2018-08-12 06:00:00,27663.586
2018-08-12 07:00:00,27987.87
2018-08-12 08:00:00,28854.193
2018-08-12 09:00:00,30755.236
2018-08-12 10:00:00,33045.2
2018-08-12 11:00:00,34761.492
2018-08-12 12:00:00,37440.992
2018-08-12 13:00:00,39913.137
2018-08-12 14:00:00,41575.566
2018-08-12 15:00:00,42400.33
2018-08-12 16:00:00,42945.848
2018-08-12 17:00:00,42740.74
2018-08-12 18:00:00,42433.258
2018-08-12 19:00:00,42740.74
2018-08-12 20:00:00,42484.31
2018-08-12 21:00:00,41226.77
2018-08-12 22:00:00,40214.418
2018-08-12 23:00:00,36971.52
2018-08-13 00:00:00,31355.762
2018-08-13 01:00:00,30332.47
2018-08-13 02:00:00,28912.893
2018-08-13 03:00:00,28156.014
2018-08-13 04:00:00,27265.543
2018-08-13 05:00:00,27319.072
2018-08-13 06:00:00,29093.877
2018-08-13 07:00:00,30768.879
2018-08-13 08:00:00,32790.1
2018-08-13 09:00:00,34421.434
2018-08-13 10:00:00,37839.793
2018-08-13 11:00:00,39968.37
2018-08-13 12:00:00,41928.793
2018-08-13 13:00:00,42618.715
2018-08-13 14:00:00,43288.15
2018-08-13 15:00:00,43307.043
2018-08-13 16:00:00,43320.34
2018-08-13 17:00:00,43320.34
2018-08-13 18:00:00,43320.34
2018-08-13 19:00:00,43320.34
2018-08-13 20:00:00,42819.566
2018-08-13 21:00:00,42819.566
2018-08-13 22:00:00,41911.582
2018-08-13 23:00:00,39420.65
2018-08-14 00:00:00,31784.053
2018-08-14 01:00:00,30875.504
2018-08-14 02:00:00,29721.95
2018-08-14 03:00:00,28293.38
2018-08-14 04:00:00,27936.506
2018-08-14 05:00:00,28057.994
2018-08-14 06:00:00,29278.477
2018-08-14 07:00:00,31371.844
2018-08-14 08:00:00,33829.727
2018-08-14 09:00:00,36254.81
2018-08-14 10:00:00,38493.184
2018-08-14 11:00:00,40151.344
2018-08-14 12:00:00,42055.074
2018-08-14 13:00:00,42618.715
2018-08-14 14:00:00,42814.39
2018-08-14 15:00:00,42833.285
2018-08-14 16:00:00,42921.31
2018-08-14 17:00:00,43320.34
2018-08-14 18:00:00,43320.34
2018-08-14 19:00:00,43320.34
2018-08-14 20:00:00,42892.043
2018-08-14 21:00:00,42865.027
2018-08-14 22:00:00,41446.887
2018-08-14 23:00:00,39511.992
2018-08-15 00:00:00,31854.871
2018-08-15 01:00:00,30772.951
2018-08-15 02:00:00,30128.533
2018-08-15 03:00:00,29042.55
2018-08-15 04:00:00,28823.912
2018-08-15 05:00:00,28543.045
2018-08-15 06:00:00,29934.354
2018-08-15 07:00:00,31781.928
2018-08-15 08:00:00,33841.426
2018-08-15 09:00:00,36553.69
2018-08-15 10:00:00,39005.24
2018-08-15 11:00:00,41213.59
2018-08-15 12:00:00,43505.234
2018-08-15 13:00:00,44014.168
2018-08-15 14:00:00,44450.39
2018-08-15 15:00:00,44595.855
2018-08-15 16:00:00,44644.2
2018-08-15 17:00:00,44753.465
2018-08-15 18:00:00,44753.465
2018-08-15 19:00:00,44617.184
2018-08-15 20:00:00,44305.84
2018-08-15 21:00:00,43929.52
2018-08-15 22:00:00,42856.08
2018-08-15 23:00:00,39368.273
2018-08-16 00:00:00,33751.703
2018-08-16 01:00:00,30451.898
2018-08-16 02:00:00,29035.395
2018-08-16 03:00:00,28466.441
2018-08-16 04:00:00,28177.18
2018-08-16 05:00:00,28259.795
2018-08-16 06:00:00,29153.082
2018-08-16 07:00:00,31667.125
2018-08-16 08:00:00,34183.367
2018-08-16 09:00:00,36377.188
2018-08-16 10:00:00,37861.39
2018-08-16 11:00:00,40577.094
2018-08-16 12:00:00,42883.86
2018-08-16 13:00:00,43890.23
2018-08-16 14:00:00,44557.4
2018-08-16 15:00:00,44603.887
2018-08-16 16:00:00,44587.918
2018-08-16 17:00:00,44697.184
2018-08-16 18:00:00,44697.184
2018-08-16 19:00:00,44251.87
2018-08-16 20:00:00,44025.99
2018-08-16 21:00:00,43487.94
2018-08-16 22:00:00,42407.78
2018-08-16 23:00:00,39355.35
2018-08-17 00:00:00,34156.477
2018-08-17 01:00:00,31453.977
2018-08-17 02:00:00,28818.227
2018-08-17 03:00:00,28550.883
2018-08-17 04:00:00,28381.979
2018-08-17 05:00:00,28350.654
2018-08-17 06:00:00,28801.412
2018-08-17 07:00:00,32044.504
2018-08-17 08:00:00,34388.766
2018-08-17 09:00:00,36565.72
2018-08-17 10:00:00,38004.055
2018-08-17 11:00:00,40338.75
2018-08-17 12:00:00,41888.637
2018-08-17 13:00:00,43519.848
2018-08-17 14:00:00,44083.695
2018-08-17 15:00:00,44438.527
2018-08-17 16:00:00,45034.613
2018-08-17 17:00:00,45097.01
2018-08-17 18:00:00,44583.41
2018-08-17 19:00:00,44141.7
2018-08-17 20:00:00,43121.402
2018-08-17 21:00:00,41969.574
2018-08-17 22:00:00,40049.93
2018-08-17 23:00:00,37123.195
2018-08-18 00:00:00,32196.775
2018-08-18 01:00:00,28565.33
2018-08-18 02:00:00,27979.73
2018-08-18 03:00:00,27470.92
2018-08-18 04:00:00,26981.5
2018-08-18 05:00:00,26864.053
2018-08-18 06:00:00,26897.607
2018-08-18 07:00:00,27321.557
2018-08-18 08:00:00,29456.006
2018-08-18 09:00:00,31715.707
2018-08-18 10:00:00,33716.605
2018-08-18 11:00:00,34977.34
2018-08-18 12:00:00,37330.266
2018-08-18 13:00:00,39621.984
2018-08-18 14:00:00,40219.16
2018-08-18 15:00:00,40842.797
2018-08-18 16:00:00,41031.65
2018-08-18 17:00:00,41710.797
2018-08-18 18:00:00,41902.992
2018-08-18 19:00:00,41031.65
2018-08-18 20:00:00,40136.844
2018-08-18 21:00:00,39754.758
2018-08-18 22:00:00,37505.035
2018-08-18 23:00:00,34972.02
2018-08-19 00:00:00,30829.375
2018-08-19 01:00:00,28362.352
2018-08-19 02:00:00,27178.914
2018-08-19 03:00:00,26570.672
2018-08-19 04:00:00,26137.88
2018-08-19 05:00:00,25572.48
2018-08-19 06:00:00,25680.143
2018-08-19 07:00:00,25798.91
2018-08-19 08:00:00,26790.064
2018-08-19 09:00:00,28555.27
2018-08-19 10:00:00,31147.662
2018-08-19 11:00:00,32791.863
2018-08-19 12:00:00,34796.5
2018-08-19 13:00:00,36741.082
2018-08-19 14:00:00,38407.01
2018-08-19 15:00:00,38994.047
2018-08-19 16:00:00,39286.73
2018-08-19 17:00:00,40309.33
2018-08-19 18:00:00,40089.242
2018-08-19 19:00:00,39713.438
2018-08-19 20:00:00,38218.605
2018-08-19 21:00:00,38283.06
2018-08-19 22:00:00,36764.676
2018-08-19 23:00:00,34592.707
2018-08-20 00:00:00,29188.666
2018-08-20 01:00:00,28215.93
2018-08-20 02:00:00,27261.357
2018-08-20 03:00:00,26659.986
2018-08-20 04:00:00,26242.898
2018-08-20 05:00:00,26464.293
2018-08-20 06:00:00,27838.408
2018-08-20 07:00:00,29277.773
2018-08-20 08:00:00,31948.064
2018-08-20 09:00:00,33720.895
2018-08-20 10:00:00,35667.08
2018-08-20 11:00:00,37876.766
2018-08-20 12:00:00,40308.113
2018-08-20 13:00:00,41612.035
2018-08-20 14:00:00,42848.883
2018-08-20 15:00:00,43568.13
2018-08-20 16:00:00,43816.3
2018-08-20 17:00:00,43824.332
2018-08-20 18:00:00,43933.598
2018-08-20 19:00:00,43340.285
2018-08-20 20:00:00,42479.934
2018-08-20 21:00:00,41831.44
2018-08-20 22:00:00,40437.812
2018-08-20 23:00:00,36954.066
2018-08-21 00:00:00,31691.39
2018-08-21 01:00:00,29124.855
2018-08-21 02:00:00,28335.248
2018-08-21 03:00:00,27856.57
2018-08-21 04:00:00,27535.053
2018-08-21 05:00:00,27681.19
2018-08-21 06:00:00,28437.615
2018-08-21 07:00:00,30782.924
2018-08-21 08:00:00,33232.59
2018-08-21 09:00:00,34912.9
2018-08-21 10:00:00,36535.484
2018-08-21 11:00:00,39189.484
2018-08-21 12:00:00,41428.973
2018-08-21 13:00:00,42266.23
2018-08-21 14:00:00,43339.727
2018-08-21 15:00:00,43556.58
2018-08-21 16:00:00,44399.246
2018-08-21 17:00:00,45011.63
2018-08-21 18:00:00,45011.63
2018-08-21 19:00:00,44112.15
2018-08-21 20:00:00,43365.316
2018-08-21 21:00:00,42914.395
2018-08-21 22:00:00,40900.97
2018-08-21 23:00:00,38057.35
2018-08-22 00:00:00,32044.963
2018-08-22 01:00:00,30692.629
2018-08-22 02:00:00,28828.05
2018-08-22 03:00:00,27624.984
2018-08-22 04:00:00,27252.545
2018-08-22 05:00:00,27250.172
2018-08-22 06:00:00,28011.707
2018-08-22 07:00:00,30982.738
2018-08-22 08:00:00,32641.96
2018-08-22 09:00:00,33985.55
2018-08-22 10:00:00,35383.914
2018-08-22 11:00:00,36957.977
2018-08-22 12:00:00,39168.77
2018-08-22 13:00:00,40280.055
2018-08-22 14:00:00,41500.77
2018-08-22 15:00:00,41877.812
2018-08-22 16:00:00,42413.203
2018-08-22 17:00:00,42705.79
2018-08-22 18:00:00,42705.79
2018-08-22 19:00:00,41768.586
2018-08-22 20:00:00,41000.906
2018-08-22 21:00:00,40116.633
2018-08-22 22:00:00,37328.86
2018-08-22 23:00:00,34883.31
2018-08-23 00:00:00,28957.701
2018-08-23 01:00:00,27863.615
2018-08-23 02:00:00,26748.186
2018-08-23 03:00:00,26296.668
2018-08-23 04:00:00,25604.36
2018-08-23 05:00:00,25767.71
2018-08-23 06:00:00,26983.627
2018-08-23 07:00:00,28601.572
2018-08-23 08:00:00,30960.484
2018-08-23 09:00:00,32547.1
2018-08-23 10:00:00,33933.26
2018-08-23 11:00:00,35159.543
2018-08-23 12:00:00,37230.965
2018-08-23 13:00:00,38767.21
2018-08-23 14:00:00,39828.965
2018-08-23 15:00:00,40531.46
2018-08-23 16:00:00,40544.758
2018-08-23 17:00:00,40596.65
2018-08-23 18:00:00,40577.094
2018-08-23 19:00:00,40441.625
2018-08-23 20:00:00,39501.22
2018-08-23 21:00:00,39129.117
2018-08-23 22:00:00,37733.617
2018-08-23 23:00:00,34123.59
2018-08-24 00:00:00,29921.873
2018-08-24 01:00:00,28297.072
2018-08-24 02:00:00,26605.354
2018-08-24 03:00:00,26060.59
2018-08-24 04:00:00,25530.133
2018-08-24 05:00:00,25940.256
2018-08-24 06:00:00,26874.314
2018-08-24 07:00:00,29413.857
2018-08-24 08:00:00,31648.623
2018-08-24 09:00:00,32238.932
2018-08-24 10:00:00,33946.89
2018-08-24 11:00:00,36099.348
2018-08-24 12:00:00,37844.477
2018-08-24 13:00:00,38661.582
2018-08-24 14:00:00,39314.414
2018-08-24 15:00:00,39740.043
2018-08-24 16:00:00,39969.51
2018-08-24 17:00:00,40035.137
2018-08-24 18:00:00,39960.918
2018-08-24 19:00:00,39144.457
2018-08-24 20:00:00,38519.19
2018-08-24 21:00:00,38165.13
2018-08-24 22:00:00,36526.773
2018-08-24 23:00:00,33606.49
2018-08-25 00:00:00,29807.97
2018-08-25 01:00:00,28069.27
2018-08-25 02:00:00,26080.13
2018-08-25 03:00:00,25509.791
2018-08-25 04:00:00,24739.646
2018-08-25 05:00:00,24591.377
2018-08-25 06:00:00,24876.82
2018-08-25 07:00:00,25417.129
2018-08-25 08:00:00,26266.059
2018-08-25 09:00:00,28009.03
2018-08-25 10:00:00,30715.717
2018-08-25 11:00:00,32112.662
2018-08-25 12:00:00,33318.89
2018-08-25 13:00:00,34681.633
2018-08-25 14:00:00,35488.645
2018-08-25 15:00:00,36242.734
2018-08-25 16:00:00,37365.973
2018-08-25 17:00:00,37890.098
2018-08-25 18:00:00,38150.418
2018-08-25 19:00:00,37203.375
2018-08-25 20:00:00,35649.68
2018-08-25 21:00:00,35634.367
2018-08-25 22:00:00,33988.227
2018-08-25 23:00:00,32644.104
2018-08-26 00:00:00,29096.227
2018-08-26 01:00:00,26741.336
2018-08-26 02:00:00,25609.398
2018-08-26 03:00:00,24910.973
2018-08-26 04:00:00,24561.281
2018-08-26 05:00:00,24161.064
2018-08-26 06:00:00,24198.19
2018-08-26 07:00:00,24296.809
2018-08-26 08:00:00,24867.146
2018-08-26 09:00:00,26716.309
2018-08-26 10:00:00,28839.889
2018-08-26 11:00:00,30493.143
2018-08-26 12:00:00,32635.021
2018-08-26 13:00:00,34078.7
2018-08-26 14:00:00,35233.492
2018-08-26 15:00:00,35853.176
2018-08-26 16:00:00,36089.727
2018-08-26 17:00:00,36731.01
2018-08-26 18:00:00,36910.41
2018-08-26 19:00:00,36653.348
2018-08-26 20:00:00,36232.14
2018-08-26 21:00:00,36312.062
2018-08-26 22:00:00,35053.633
2018-08-26 23:00:00,33414.723
2018-08-27 00:00:00,29456.422
2018-08-27 01:00:00,26959.553
2018-08-27 02:00:00,26450.146
2018-08-27 03:00:00,26089.217
2018-08-27 04:00:00,25998.807
2018-08-27 05:00:00,26140.059
2018-08-27 06:00:00,27020.97
2018-08-27 07:00:00,29300.195
2018-08-27 08:00:00,31771.934
2018-08-27 09:00:00,33206.062
2018-08-27 10:00:00,33720.66
2018-08-27 11:00:00,35547.598
2018-08-27 12:00:00,37091.574
2018-08-27 13:00:00,38345.52
2018-08-27 14:00:00,39620.96
2018-08-27 15:00:00,40025.41
2018-08-27 16:00:00,40452.355
2018-08-27 17:00:00,40849.793
2018-08-27 18:00:00,40452.355
2018-08-27 19:00:00,39682.418
2018-08-27 20:00:00,38722.902
2018-08-27 21:00:00,39633.598
2018-08-27 22:00:00,36528.734
2018-08-27 23:00:00,34697.082
2018-08-28 00:00:00,30379.502
2018-08-28 01:00:00,27288.385
2018-08-28 02:00:00,26636.39
2018-08-28 03:00:00,26221.535
2018-08-28 04:00:00,26121.543
2018-08-28 05:00:00,26333.348
2018-08-28 06:00:00,27365.066
2018-08-28 07:00:00,29662.846
2018-08-28 08:00:00,32190.26
2018-08-28 09:00:00,33112.54
2018-08-28 10:00:00,34261.4
2018-08-28 11:00:00,35246.375
2018-08-28 12:00:00,36886.363
2018-08-28 13:00:00,37756.984
2018-08-28 14:00:00,38267.805
2018-08-28 15:00:00,38027.066
2018-08-28 16:00:00,37577.074
2018-08-28 17:00:00,37505.793
2018-08-28 18:00:00,37505.793
2018-08-28 19:00:00,37256.8
2018-08-28 20:00:00,37064.938
2018-08-28 21:00:00,37051.57
2018-08-28 22:00:00,35747.766
2018-08-28 23:00:00,33968.297
2018-08-29 00:00:00,29553.238
2018-08-29 01:00:00,26952.012
2018-08-29 02:00:00,26255.984
2018-08-29 03:00:00,26082.238
2018-08-29 04:00:00,25969.145
2018-08-29 05:00:00,26094.111
2018-08-29 06:00:00,26938.58
2018-08-29 07:00:00,29317.379
2018-08-29 08:00:00,31771.934
2018-08-29 09:00:00,33126.12
2018-08-29 10:00:00,33720.66
2018-08-29 11:00:00,34742.613
2018-08-29 12:00:00,36214.492
2018-08-29 13:00:00,37327.402
2018-08-29 14:00:00,38700.414
2018-08-29 15:00:00,40025.41
2018-08-29 16:00:00,41150.59
2018-08-29 17:00:00,41680.668
2018-08-29 18:00:00,41680.668
2018-08-29 19:00:00,41131.027
2018-08-29 20:00:00,40773.95
2018-08-29 21:00:00,40773.95
2018-08-29 22:00:00,37826.96
2018-08-29 23:00:00,34994.785
2018-08-30 00:00:00,30604.82
2018-08-30 01:00:00,28252.537
2018-08-30 02:00:00,26886.416
2018-08-30 03:00:00,26570.363
2018-08-30 04:00:00,26371.723
2018-08-30 05:00:00,26545.203
2018-08-30 06:00:00,27414.824
2018-08-30 07:00:00,30521.03
2018-08-30 08:00:00,32619.414
2018-08-30 09:00:00,33348.523
2018-08-30 10:00:00,34518.723
2018-08-30 11:00:00,37469.305
2018-08-30 12:00:00,39267.305
2018-08-30 13:00:00,40404.234
2018-08-30 14:00:00,41550.098
2018-08-30 15:00:00,42298.242
2018-08-30 16:00:00,42311.54
2018-08-30 17:00:00,42311.54
2018-08-30 18:00:00,42311.54
2018-08-30 19:00:00,41565.17
2018-08-30 20:00:00,40689.72
2018-08-30 21:00:00,40404.11
2018-08-30 22:00:00,38342.5
2018-08-30 23:00:00,35261.457
2018-08-31 00:00:00,29587.375
2018-08-31 01:00:00,28146.545
2018-08-31 02:00:00,26658.39
2018-08-31 03:00:00,25972.094
2018-08-31 04:00:00,25372.963
2018-08-31 05:00:00,25490.172
2018-08-31 06:00:00,26555.428
2018-08-31 07:00:00,28514.668
2018-08-31 08:00:00,30184.191
2018-08-31 09:00:00,31065.25
2018-08-31 10:00:00,32155.443
2018-08-31 11:00:00,34112.73
2018-08-31 12:00:00,34929.305
2018-08-31 13:00:00,35632.83
2018-08-31 14:00:00,35872.87
2018-08-31 15:00:00,35891.766
2018-08-31 16:00:00,35905.062
2018-08-31 17:00:00,35905.062
2018-08-31 18:00:00,35875.797
2018-08-31 19:00:00,35582.312
2018-08-31 20:00:00,35345.79
2018-08-31 21:00:00,35345.79
2018-08-31 22:00:00,34039.203
2018-08-31 23:00:00,31054.936
2018-09-01 00:00:00,27266.14
2018-09-01 01:00:00,25731.701
2018-09-01 02:00:00,24901.502
2018-09-01 03:00:00,24422.752
2018-09-01 04:00:00,23962.842
2018-09-01 05:00:00,23899.531
2018-09-01 06:00:00,23964.232
2018-09-01 07:00:00,24428.863
2018-09-01 08:00:00,25121.994
2018-09-01 09:00:00,26821.225
2018-09-01 10:00:00,27953.252
2018-09-01 11:00:00,28812.1
2018-09-01 12:00:00,30139.535
2018-09-01 13:00:00,30494.047
2018-09-01 14:00:00,30410.055
2018-09-01 15:00:00,30428.95
2018-09-01 16:00:00,30503.795
2018-09-01 17:00:00,30804.848
2018-09-01 18:00:00,31040.979
2018-09-01 19:00:00,30781.734
2018-09-01 20:00:00,31416.115
2018-09-01 21:00:00,31385.424
2018-09-01 22:00:00,30083.334
2018-09-01 23:00:00,28557.441
2018-09-02 00:00:00,26306.172
2018-09-02 01:00:00,24529.717
2018-09-02 02:00:00,23404.678
2018-09-02 03:00:00,22975.887
2018-09-02 04:00:00,22781.42
2018-09-02 05:00:00,22631.713
2018-09-02 06:00:00,22658.8
2018-09-02 07:00:00,22721.246
2018-09-02 08:00:00,23110.686
2018-09-02 09:00:00,24784.46
2018-09-02 10:00:00,26384.135
2018-09-02 11:00:00,27682.078
2018-09-02 12:00:00,28710.148
2018-09-02 13:00:00,29762.906
2018-09-02 14:00:00,30345.2
2018-09-02 15:00:00,30862.828
2018-09-02 16:00:00,31423.24
2018-09-02 17:00:00,31870.559
2018-09-02 18:00:00,32822.996
2018-09-02 19:00:00,32166.27
2018-09-02 20:00:00,32112.744
2018-09-02 21:00:00,31868.596
2018-09-02 22:00:00,30638.44
2018-09-02 23:00:00,28947.672
2018-09-03 00:00:00,26593.613
2018-09-03 01:00:00,24914.264
2018-09-03 02:00:00,23798.863
2018-09-03 03:00:00,23362.686
2018-09-03 04:00:00,23176.299
2018-09-03 05:00:00,23176.299
2018-09-03 06:00:00,23432.793
2018-09-03 07:00:00,23620.416
2018-09-03 08:00:00,23910.475
2018-09-03 09:00:00,25531.912
2018-09-03 10:00:00,27472.633
2018-09-03 11:00:00,28964.357
2018-09-03 12:00:00,31450.994
2018-09-03 13:00:00,32554.91
2018-09-03 14:00:00,33464.242
2018-09-03 15:00:00,34205.184
2018-09-03 16:00:00,35502.95
2018-09-03 17:00:00,36719.38
2018-09-03 18:00:00,37725.934
2018-09-03 19:00:00,37539.81
2018-09-03 20:00:00,36860.348
2018-09-03 21:00:00,37555.293
2018-09-03 22:00:00,35200.87
2018-09-03 23:00:00,33042.156
2018-09-04 00:00:00,28696.004
2018-09-04 01:00:00,27145.037
2018-09-04 02:00:00,26044.52
2018-09-04 03:00:00,25297.918
2018-09-04 04:00:00,24951.258
2018-09-04 05:00:00,25424.365
2018-09-04 06:00:00,27047.297
2018-09-04 07:00:00,29425.363
2018-09-04 08:00:00,31595.012
2018-09-04 09:00:00,32988.92
2018-09-04 10:00:00,34888.113
2018-09-04 11:00:00,37636.395
2018-09-04 12:00:00,39717.08
2018-09-04 13:00:00,41287.836
2018-09-04 14:00:00,42826.69
2018-09-04 15:00:00,42668.29
2018-09-04 16:00:00,42780.84
2018-09-04 17:00:00,42822.004
2018-09-04 18:00:00,42780.84
2018-09-04 19:00:00,42854.48
2018-09-04 20:00:00,42513.246
2018-09-04 21:00:00,42007.16
2018-09-04 22:00:00,39419.637
2018-09-04 23:00:00,35985.39
2018-09-05 00:00:00,29766.531
2018-09-05 01:00:00,28743.91
2018-09-05 02:00:00,27715.295
2018-09-05 03:00:00,27244.441
2018-09-05 04:00:00,26901.334
2018-09-05 05:00:00,26972.39
2018-09-05 06:00:00,28385.637
2018-09-05 07:00:00,30540.307
2018-09-05 08:00:00,33062.56
2018-09-05 09:00:00,33969.355
2018-09-05 10:00:00,35406.137
2018-09-05 11:00:00,36828.9
2018-09-05 12:00:00,38046.13
2018-09-05 13:00:00,37917.89
2018-09-05 14:00:00,38287.773
2018-09-05 15:00:00,38055.203
2018-09-05 16:00:00,37326.023
2018-09-05 17:00:00,37274.297
2018-09-05 18:00:00,37345.58
2018-09-05 19:00:00,37254.734
2018-09-05 20:00:00,37326.023
2018-09-05 21:00:00,36862.707
2018-09-05 22:00:00,35859.957
2018-09-05 23:00:00,33971.715
2018-09-06 00:00:00,29686.588
2018-09-06 01:00:00,27019.404
2018-09-06 02:00:00,26196.838
2018-09-06 03:00:00,26107.566
2018-09-06 04:00:00,25995.4
2018-09-06 05:00:00,26069.525
2018-09-06 06:00:00,26962.309
2018-09-06 07:00:00,30690.402
2018-09-06 08:00:00,32159.582
2018-09-06 09:00:00,32923.363
2018-09-06 10:00:00,33643.703
2018-09-06 11:00:00,34734.945
2018-09-06 12:00:00,35608.69
2018-09-06 13:00:00,35982.582
2018-09-06 14:00:00,36210.2
2018-09-06 15:00:00,36453.33
2018-09-06 16:00:00,36466.625
2018-09-06 17:00:00,36433.453
2018-09-06 18:00:00,36504.734
2018-09-06 19:00:00,36362.234
2018-09-06 20:00:00,36267.28
2018-09-06 21:00:00,36302.58
2018-09-06 22:00:00,35366.336
2018-09-06 23:00:00,33051.285
2018-09-07 00:00:00,29056.885
2018-09-07 01:00:00,27955.432
2018-09-07 02:00:00,27038.588
2018-09-07 03:00:00,26623.746
2018-09-07 04:00:00,25823.26
2018-09-07 05:00:00,25923.705
2018-09-07 06:00:00,27294.256
2018-09-07 07:00:00,29791.006
2018-09-07 08:00:00,30818.361
2018-09-07 09:00:00,31867.064
2018-09-07 10:00:00,33123.69
2018-09-07 11:00:00,34263.07
2018-09-07 12:00:00,35116.145
2018-09-07 13:00:00,35378.45
2018-09-07 14:00:00,35610.004
2018-09-07 15:00:00,35873.1
2018-09-07 16:00:00,36099.1
2018-09-07 17:00:00,36269.4
2018-09-07 18:00:00,36269.4
2018-09-07 19:00:00,35886.4
2018-09-07 20:00:00,35615.18
2018-09-07 21:00:00,35492.867
2018-09-07 22:00:00,34426.14
2018-09-07 23:00:00,32079.688
2018-09-08 00:00:00,28653.605
2018-09-08 01:00:00,27189.576
2018-09-08 02:00:00,26143.707
2018-09-08 03:00:00,24589.258
2018-09-08 04:00:00,24649.973
2018-09-08 05:00:00,24536.174
2018-09-08 06:00:00,24802.578
2018-09-08 07:00:00,25379.79
2018-09-08 08:00:00,26022.547
2018-09-08 09:00:00,28440.146
2018-09-08 10:00:00,29305.572
2018-09-08 11:00:00,30498.482
2018-09-08 12:00:00,31715.822
2018-09-08 13:00:00,32114.227
2018-09-08 14:00:00,32267.021
2018-09-08 15:00:00,32144.793
2018-09-08 16:00:00,32112.104
2018-09-08 17:00:00,32326.957
2018-09-08 18:00:00,32556.525
2018-09-08 19:00:00,32434.572
2018-09-08 20:00:00,33166.844
2018-09-08 21:00:00,33166.844
2018-09-08 22:00:00,31808.03
2018-09-08 23:00:00,30896.268
2018-09-09 00:00:00,27791.943
2018-09-09 01:00:00,26813.553
2018-09-09 02:00:00,25975.842
2018-09-09 03:00:00,24565.643
2018-09-09 04:00:00,24460.979
2018-09-09 05:00:00,24416.31
2018-09-09 06:00:00,24443.398
2018-09-09 07:00:00,24979.111
2018-09-09 08:00:00,25077.648
2018-09-09 09:00:00,27089.61
2018-09-09 10:00:00,28091.809
2018-09-09 11:00:00,28926.648
2018-09-09 12:00:00,29902.768
2018-09-09 13:00:00,30212.697
2018-09-09 14:00:00,30579.393
2018-09-09 15:00:00,30703.883
2018-09-09 16:00:00,30774.809
2018-09-09 17:00:00,31232.994
2018-09-09 18:00:00,31682.543
2018-09-09 19:00:00,31764.262
2018-09-09 20:00:00,32457.738
2018-09-09 21:00:00,32517.572
2018-09-09 22:00:00,30647.754
2018-09-09 23:00:00,27814.904
2018-09-10 00:00:00,25575.912
2018-09-10 01:00:00,24158.645
2018-09-10 02:00:00,23605.303
2018-09-10 03:00:00,23414.275
2018-09-10 04:00:00,23162.416
2018-09-10 05:00:00,23330.555
2018-09-10 06:00:00,24207.094
2018-09-10 07:00:00,26943.125
2018-09-10 08:00:00,28009.098
2018-09-10 09:00:00,29152.016
2018-09-10 10:00:00,29755.08
2018-09-10 11:00:00,31089.643
2018-09-10 12:00:00,32301.502
2018-09-10 13:00:00,32767.658
2018-09-10 14:00:00,33191.8
2018-09-10 15:00:00,33527.727
2018-09-10 16:00:00,34084.895
2018-09-10 17:00:00,34380.31
2018-09-10 18:00:00,34394.652
2018-09-10 19:00:00,34271.996
2018-09-10 20:00:00,34326.543
2018-09-10 21:00:00,34048.13
2018-09-10 22:00:00,32594.664
2018-09-10 23:00:00,29107.693
2018-09-11 00:00:00,26306.627
2018-09-11 01:00:00,24765.266
2018-09-11 02:00:00,23615.215
2018-09-11 03:00:00,23427.592
2018-09-11 04:00:00,23162.416
2018-09-11 05:00:00,23447.604
2018-09-11 06:00:00,24875.277
2018-09-11 07:00:00,27347.893
2018-09-11 08:00:00,29024.549
2018-09-11 09:00:00,29877.443
2018-09-11 10:00:00,31011.73
2018-09-11 11:00:00,31993.64
2018-09-11 12:00:00,32954.94
2018-09-11 13:00:00,33808.633
2018-09-11 14:00:00,34515.992
2018-09-11 15:00:00,35233.074
2018-09-11 16:00:00,36040.715
2018-09-11 17:00:00,37298.723
2018-09-11 18:00:00,37559.035
2018-09-11 19:00:00,36168.363
2018-09-11 20:00:00,36455.12
2018-09-11 21:00:00,35779.137
2018-09-11 22:00:00,34069.996
2018-09-11 23:00:00,31686.12
2018-09-12 00:00:00,27199.926
2018-09-12 01:00:00,25574.318
2018-09-12 02:00:00,24560.912
2018-09-12 03:00:00,23858.736
2018-09-12 04:00:00,23617.705
2018-09-12 05:00:00,23909.578
2018-09-12 06:00:00,25574.068
2018-09-12 07:00:00,27987.68
2018-09-12 08:00:00,29951.27
2018-09-12 09:00:00,31289.588
2018-09-12 10:00:00,32019.795
2018-09-12 11:00:00,33125.78
2018-09-12 12:00:00,34305.32
2018-09-12 13:00:00,35932.508
2018-09-12 14:00:00,37003.75
2018-09-12 15:00:00,37642.348
2018-09-12 16:00:00,37997.49
2018-09-12 17:00:00,38987.168
2018-09-12 18:00:00,39163.35
2018-09-12 19:00:00,38289.96
2018-09-12 20:00:00,38211.86
2018-09-12 21:00:00,37697.195
2018-09-12 22:00:00,35037.1
2018-09-12 23:00:00,32417.21
2018-09-13 00:00:00,28222.752
2018-09-13 01:00:00,26733.83
2018-09-13 02:00:00,25759.957
2018-09-13 03:00:00,24919.78
2018-09-13 04:00:00,24466.615
2018-09-13 05:00:00,24785.746
2018-09-13 06:00:00,26432.777
2018-09-13 07:00:00,28610.246
2018-09-13 08:00:00,30950.297
2018-09-13 09:00:00,31873.803
2018-09-13 10:00:00,32760.332
2018-09-13 11:00:00,33704.22
2018-09-13 12:00:00,34872.95
2018-09-13 13:00:00,35824.566
2018-09-13 14:00:00,36545.816
2018-09-13 15:00:00,36996.383
2018-09-13 16:00:00,37875.71
2018-09-13 17:00:00,38310.32
2018-09-13 18:00:00,38310.32
2018-09-13 19:00:00,36850.184
2018-09-13 20:00:00,36737.51
2018-09-13 21:00:00,36349.375
2018-09-13 22:00:00,34463.637
2018-09-13 23:00:00,32234.713
2018-09-14 00:00:00,28059.705
2018-09-14 01:00:00,26351.686
2018-09-14 02:00:00,24884.844
2018-09-14 03:00:00,24255.535
2018-09-14 04:00:00,23822.527
2018-09-14 05:00:00,24087.506
2018-09-14 06:00:00,25559.479
2018-09-14 07:00:00,28045.049
2018-09-14 08:00:00,30110.31
2018-09-14 09:00:00,31561.902
2018-09-14 10:00:00,32491.436
2018-09-14 11:00:00,33449.645
2018-09-14 12:00:00,35020.42
2018-09-14 13:00:00,35460.047
2018-09-14 14:00:00,36272.414
2018-09-14 15:00:00,37374.176
2018-09-14 16:00:00,37892.17
2018-09-14 17:00:00,38681.695
2018-09-14 18:00:00,37924.504
2018-09-14 19:00:00,36317.2
2018-09-14 20:00:00,35934.656
2018-09-14 21:00:00,35381.99
2018-09-14 22:00:00,33790.195
2018-09-14 23:00:00,31893.988
2018-09-15 00:00:00,27942.309
2018-09-15 01:00:00,26409.348
2018-09-15 02:00:00,24771.947
2018-09-15 03:00:00,23946.527
2018-09-15 04:00:00,23428.5
2018-09-15 05:00:00,23374.346
2018-09-15 06:00:00,23670.64
2018-09-15 07:00:00,24403.531
2018-09-15 08:00:00,25418.309
2018-09-15 09:00:00,27508.406
2018-09-15 10:00:00,29803.246
2018-09-15 11:00:00,31284.537
2018-09-15 12:00:00,32548.4
2018-09-15 13:00:00,33438.383
2018-09-15 14:00:00,34109.46
2018-09-15 15:00:00,35053.79
2018-09-15 16:00:00,35300.72
2018-09-15 17:00:00,35683.367
2018-09-15 18:00:00,35683.367
2018-09-15 19:00:00,35238.734
2018-09-15 20:00:00,35526.484
2018-09-15 21:00:00,34747.375
2018-09-15 22:00:00,33509.086
2018-09-15 23:00:00,31867.469
2018-09-16 00:00:00,28252.553
2018-09-16 01:00:00,26722.027
2018-09-16 02:00:00,25659.252
2018-09-16 03:00:00,24498.9
2018-09-16 04:00:00,23930.95
2018-09-16 05:00:00,23725.87
2018-09-16 06:00:00,23899.113
2018-09-16 07:00:00,24373.645
2018-09-16 08:00:00,25084.219
2018-09-16 09:00:00,26757.037
2018-09-16 10:00:00,28684.012
2018-09-16 11:00:00,29985.873
2018-09-16 12:00:00,31628.375
2018-09-16 13:00:00,32515.152
2018-09-16 14:00:00,33469.285
2018-09-16 15:00:00,33886.79
2018-09-16 16:00:00,34336.582
2018-09-16 17:00:00,34793.188
2018-09-16 18:00:00,35083.438
2018-09-16 19:00:00,34487.086
2018-09-16 20:00:00,35534.08
2018-09-16 21:00:00,34336.582
2018-09-16 22:00:00,33489.637
2018-09-16 23:00:00,31445.932
2018-09-17 00:00:00,27639.0
2018-09-17 01:00:00,26279.84
2018-09-17 02:00:00,25689.896
2018-09-17 03:00:00,25101.158
2018-09-17 04:00:00,24926.682
2018-09-17 05:00:00,25354.592
2018-09-17 06:00:00,26726.023
2018-09-17 07:00:00,29278.7
2018-09-17 08:00:00,31725.938
2018-09-17 09:00:00,32561.057
2018-09-17 10:00:00,33272.9
2018-09-17 11:00:00,33609.406
2018-09-17 12:00:00,34014.906
2018-09-17 13:00:00,34111.094
2018-09-17 14:00:00,34369.73
2018-09-17 15:00:00,34338.906
2018-09-17 16:00:00,34497.332
2018-09-17 17:00:00,34606.86
2018-09-17 18:00:00,34625.707
2018-09-17 19:00:00,34619.6
2018-09-17 20:00:00,35120.83
2018-09-17 21:00:00,34573.74
2018-09-17 22:00:00,33172.176
2018-09-17 23:00:00,31257.285
2018-09-18 00:00:00,27290.629
2018-09-18 01:00:00,25805.342
2018-09-18 02:00:00,24999.635
2018-09-18 03:00:00,24243.973
2018-09-18 04:00:00,23901.895
2018-09-18 05:00:00,24458.908
2018-09-18 06:00:00,26093.855
2018-09-18 07:00:00,28498.11
2018-09-18 08:00:00,30870.951
2018-09-18 09:00:00,31704.111
2018-09-18 10:00:00,32369.86
2018-09-18 11:00:00,32877.242
2018-09-18 12:00:00,33767.387
2018-09-18 13:00:00,34139.23
2018-09-18 14:00:00,34604.58
2018-09-18 15:00:00,34744.555
2018-09-18 16:00:00,34974.32
2018-09-18 17:00:00,35685.785
2018-09-18 18:00:00,35692.152
2018-09-18 19:00:00,34757.85
2018-09-18 20:00:00,34955.137
2018-09-18 21:00:00,34620.125
2018-09-18 22:00:00,33704.492
2018-09-18 23:00:00,31507.1
2018-09-19 00:00:00,27451.908
2018-09-19 01:00:00,26292.527
2018-09-19 02:00:00,25133.434
2018-09-19 03:00:00,24551.398
2018-09-19 04:00:00,24152.283
2018-09-19 05:00:00,24486.988
2018-09-19 06:00:00,26042.352
2018-09-19 07:00:00,28107.455
2018-09-19 08:00:00,30560.658
2018-09-19 09:00:00,31540.566
2018-09-19 10:00:00,32276.496
2018-09-19 11:00:00,32957.508
2018-09-19 12:00:00,33859.277
2018-09-19 13:00:00,34319.035
2018-09-19 14:00:00,35291.54
2018-09-19 15:00:00,36467.113
2018-09-19 16:00:00,36953.508
2018-09-19 17:00:00,37022.543
2018-09-19 18:00:00,37022.543
2018-09-19 19:00:00,36124.188
2018-09-19 20:00:00,36734.656
2018-09-19 21:00:00,35362.98
2018-09-19 22:00:00,33594.402
2018-09-19 23:00:00,31805.678
2018-09-20 00:00:00,27573.516
2018-09-20 01:00:00,26033.492
2018-09-20 02:00:00,24862.484
2018-09-20 03:00:00,24414.104
2018-09-20 04:00:00,23732.81
2018-09-20 05:00:00,24191.113
2018-09-20 06:00:00,25596.746
2018-09-20 07:00:00,27828.775
2018-09-20 08:00:00,30001.592
2018-09-20 09:00:00,31234.924
2018-09-20 10:00:00,32146.65
2018-09-20 11:00:00,33083.688
2018-09-20 12:00:00,33929.645
2018-09-20 13:00:00,34855.023
2018-09-20 14:00:00,36471.23
2018-09-20 15:00:00,36253.586
2018-09-20 16:00:00,37022.543
2018-09-20 17:00:00,37414.426
2018-09-20 18:00:00,37379.395
2018-09-20 19:00:00,36124.188
2018-09-20 20:00:00,36811.43
2018-09-20 21:00:00,35580.516
2018-09-20 22:00:00,33753.32
2018-09-20 23:00:00,31850.158
2018-09-21 00:00:00,27658.52
2018-09-21 01:00:00,26233.264
2018-09-21 02:00:00,24817.781
2018-09-21 03:00:00,24449.668
2018-09-21 04:00:00,23901.639
2018-09-21 05:00:00,23989.887
2018-09-21 06:00:00,25611.93
2018-09-21 07:00:00,27843.266
2018-09-21 08:00:00,30055.184
2018-09-21 09:00:00,31256.754
2018-09-21 10:00:00,32005.227
2018-09-21 11:00:00,32783.855
2018-09-21 12:00:00,33269.312
2018-09-21 13:00:00,33901.44
2018-09-21 14:00:00,34553.367
2018-09-21 15:00:00,35466.5
2018-09-21 16:00:00,36965.773
2018-09-21 17:00:00,36997.523
2018-09-21 18:00:00,36965.14
2018-09-21 19:00:00,35371.984
2018-09-21 20:00:00,34543.062
2018-09-21 21:00:00,34136.55
2018-09-21 22:00:00,33339.96
2018-09-21 23:00:00,31252.326
2018-09-22 00:00:00,27188.154
2018-09-22 01:00:00,25710.51
2018-09-22 02:00:00,24522.451
2018-09-22 03:00:00,23851.11
2018-09-22 04:00:00,23311.344
2018-09-22 05:00:00,22995.064
2018-09-22 06:00:00,23338.432
2018-09-22 07:00:00,24081.467
2018-09-22 08:00:00,24811.912
2018-09-22 09:00:00,26244.742
2018-09-22 10:00:00,28163.756
2018-09-22 11:00:00,29622.781
2018-09-22 12:00:00,30675.863
2018-09-22 13:00:00,31030.064
2018-09-22 14:00:00,31721.906
2018-09-22 15:00:00,31961.338
2018-09-22 16:00:00,32297.924
2018-09-22 17:00:00,32187.033
2018-09-22 18:00:00,32187.033
2018-09-22 19:00:00,32001.328
2018-09-22 20:00:00,32132.105
2018-09-22 21:00:00,31674.434
2018-09-22 22:00:00,30737.486
2018-09-22 23:00:00,29460.498
2018-09-23 00:00:00,26119.346
2018-09-23 01:00:00,24375.354
2018-09-23 02:00:00,23445.738
2018-09-23 03:00:00,23018.994
2018-09-23 04:00:00,22699.36
2018-09-23 05:00:00,22441.0
2018-09-23 06:00:00,22518.004
2018-09-23 07:00:00,22894.615
2018-09-23 08:00:00,23124.965
2018-09-23 09:00:00,24251.361
2018-09-23 10:00:00,26856.643
2018-09-23 11:00:00,29062.07
2018-09-23 12:00:00,30304.496
2018-09-23 13:00:00,31374.018
2018-09-23 14:00:00,32065.049
2018-09-23 15:00:00,33355.56
2018-09-23 16:00:00,32979.77
2018-09-23 17:00:00,33229.37
2018-09-23 18:00:00,33364.473
2018-09-23 19:00:00,33193.2
2018-09-23 20:00:00,33401.664
2018-09-23 21:00:00,32990.586
2018-09-23 22:00:00,31991.896
2018-09-23 23:00:00,30392.832
2018-09-24 00:00:00,26963.94
2018-09-24 01:00:00,25641.16
2018-09-24 02:00:00,24627.086
2018-09-24 03:00:00,24126.285
2018-09-24 04:00:00,23964.547
2018-09-24 05:00:00,24186.451
2018-09-24 06:00:00,25666.95
2018-09-24 07:00:00,28045.611
2018-09-24 08:00:00,30643.908
2018-09-24 09:00:00,31581.508
2018-09-24 10:00:00,32676.57
2018-09-24 11:00:00,33247.41
2018-09-24 12:00:00,35178.332
2018-09-24 13:00:00,34983.61
2018-09-24 14:00:00,35543.625
2018-09-24 15:00:00,35773.31
2018-09-24 16:00:00,36037.926
2018-09-24 17:00:00,36269.945
2018-09-24 18:00:00,36269.945
2018-09-24 19:00:00,36048.535
2018-09-24 20:00:00,36431.793
2018-09-24 21:00:00,35794.305
2018-09-24 22:00:00,34229.81
2018-09-24 23:00:00,32501.646
2018-09-25 00:00:00,28311.996
2018-09-25 01:00:00,26728.477
2018-09-25 02:00:00,25730.85
2018-09-25 03:00:00,24884.184
2018-09-25 04:00:00,24570.432
2018-09-25 05:00:00,24862.984
2018-09-25 06:00:00,26427.582
2018-09-25 07:00:00,29023.64
2018-09-25 08:00:00,31557.672
2018-09-25 09:00:00,32250.744
2018-09-25 10:00:00,33155.83
2018-09-25 11:00:00,33705.33
2018-09-25 12:00:00,34563.105
2018-09-25 13:00:00,35228.785
2018-09-25 14:00:00,35944.47
2018-09-25 15:00:00,36269.344
2018-09-25 16:00:00,36526.066
2018-09-25 17:00:00,36816.71
2018-09-25 18:00:00,36861.676
2018-09-25 19:00:00,36391.29
2018-09-25 20:00:00,36816.797
2018-09-25 21:00:00,36692.152
2018-09-25 22:00:00,34361.8
2018-09-25 23:00:00,32678.732
2018-09-26 00:00:00,28104.84
2018-09-26 01:00:00,27299.875
2018-09-26 02:00:00,26340.402
2018-09-26 03:00:00,25463.799
2018-09-26 04:00:00,25111.396
2018-09-26 05:00:00,25515.953
2018-09-26 06:00:00,27030.318
2018-09-26 07:00:00,29479.932
2018-09-26 08:00:00,31994.64
2018-09-26 09:00:00,33067.035
2018-09-26 10:00:00,33985.047
2018-09-26 11:00:00,34605.668
2018-09-26 12:00:00,36249.56
2018-09-26 13:00:00,35767.73
2018-09-26 14:00:00,36193.473
2018-09-26 15:00:00,36035.24
2018-09-26 16:00:00,36079.895
2018-09-26 17:00:00,35946.188
2018-09-26 18:00:00,36024.566
2018-09-26 19:00:00,35998.71
2018-09-26 20:00:00,36027.477
2018-09-26 21:00:00,35645.156
2018-09-26 22:00:00,34953.688
2018-09-26 23:00:00,32117.896
2018-09-27 00:00:00,28792.322
2018-09-27 01:00:00,26625.424
2018-09-27 02:00:00,25619.018
2018-09-27 03:00:00,25173.238
2018-09-27 04:00:00,24998.143
2018-09-27 05:00:00,25075.809
2018-09-27 06:00:00,26413.02
2018-09-27 07:00:00,28925.549
2018-09-27 08:00:00,31092.281
2018-09-27 09:00:00,31640.133
2018-09-27 10:00:00,32080.734
2018-09-27 11:00:00,32323.328
2018-09-27 12:00:00,32555.38
2018-09-27 13:00:00,32489.314
2018-09-27 14:00:00,32709.357
2018-09-27 15:00:00,32742.492
2018-09-27 16:00:00,32768.62
2018-09-27 17:00:00,32910.23
2018-09-27 18:00:00,32755.79
2018-09-27 19:00:00,32631.771
2018-09-27 20:00:00,32739.193
2018-09-27 21:00:00,32371.166
2018-09-27 22:00:00,30568.447
2018-09-27 23:00:00,27957.664
2018-09-28 00:00:00,25307.012
2018-09-28 01:00:00,23600.648
2018-09-28 02:00:00,22716.172
2018-09-28 03:00:00,22471.664
2018-09-28 04:00:00,22471.664
2018-09-28 05:00:00,22471.664
2018-09-28 06:00:00,23604.477
2018-09-28 07:00:00,26445.477
2018-09-28 08:00:00,28100.469
2018-09-28 09:00:00,28833.912
2018-09-28 10:00:00,29512.436
2018-09-28 11:00:00,29808.04
2018-09-28 12:00:00,30250.047
2018-09-28 13:00:00,30306.768
2018-09-28 14:00:00,30574.137
2018-09-28 15:00:00,30620.955
2018-09-28 16:00:00,30613.055
2018-09-28 17:00:00,30778.45
2018-09-28 18:00:00,30907.656
2018-09-28 19:00:00,30955.19
2018-09-28 20:00:00,30995.4
2018-09-28 21:00:00,30247.873
2018-09-28 22:00:00,28590.3
2018-09-28 23:00:00,26693.207
2018-09-29 00:00:00,24594.78
2018-09-29 01:00:00,22854.838
2018-09-29 02:00:00,22358.441
2018-09-29 03:00:00,22138.682
2018-09-29 04:00:00,22138.682
2018-09-29 05:00:00,22138.682
2018-09-29 06:00:00,22268.379
2018-09-29 07:00:00,22605.713
2018-09-29 08:00:00,23278.807
2018-09-29 09:00:00,24854.518
2018-09-29 10:00:00,25998.383
2018-09-29 11:00:00,26816.414
2018-09-29 12:00:00,26995.406
2018-09-29 13:00:00,26989.203
2018-09-29 14:00:00,26789.727
2018-09-29 15:00:00,26478.027
2018-09-29 16:00:00,26463.273
2018-09-29 17:00:00,26686.238
2018-09-29 18:00:00,26852.297
2018-09-29 19:00:00,27324.473
2018-09-29 20:00:00,27761.61
2018-09-29 21:00:00,27398.383
2018-09-29 22:00:00,26594.58
2018-09-29 23:00:00,25333.322
2018-09-30 00:00:00,23427.207
2018-09-30 01:00:00,22219.184
2018-09-30 02:00:00,21827.361
2018-09-30 03:00:00,21759.088
2018-09-30 04:00:00,21759.088
2018-09-30 05:00:00,21759.088
2018-09-30 06:00:00,21786.176
2018-09-30 07:00:00,21865.059
2018-09-30 08:00:00,22155.932
2018-09-30 09:00:00,23059.373
2018-09-30 10:00:00,23944.13
2018-09-30 11:00:00,24676.465
2018-09-30 12:00:00,24959.09
2018-09-30 13:00:00,25041.182
2018-09-30 14:00:00,25180.049
2018-09-30 15:00:00,25127.646
2018-09-30 16:00:00,25355.324
2018-09-30 17:00:00,26019.65
2018-09-30 18:00:00,26327.578
2018-09-30 19:00:00,26870.38
2018-09-30 20:00:00,28357.033
2018-09-30 21:00:00,27918.982
2018-09-30 22:00:00,26211.963
2018-09-30 23:00:00,24655.975
2018-10-01 00:00:00,23360.865
2018-10-01 01:00:00,22309.648
2018-10-01 02:00:00,22061.037
2018-10-01 03:00:00,22061.037
2018-10-01 04:00:00,22061.037
2018-10-01 05:00:00,22129.31
2018-10-01 06:00:00,23153.736
2018-10-01 07:00:00,26262.756
2018-10-01 08:00:00,27798.094
2018-10-01 09:00:00,28244.299
2018-10-01 10:00:00,28428.734
2018-10-01 11:00:00,28624.076
2018-10-01 12:00:00,28673.775
2018-10-01 13:00:00,29070.836
2018-10-01 14:00:00,29245.248
2018-10-01 15:00:00,29471.588
2018-10-01 16:00:00,29704.09
2018-10-01 17:00:00,30024.547
2018-10-01 18:00:00,30134.3
2018-10-01 19:00:00,30626.205
2018-10-01 20:00:00,31611.732
2018-10-01 21:00:00,30617.873
2018-10-01 22:00:00,28537.807
2018-10-01 23:00:00,26327.229
2018-10-02 00:00:00,24385.383
2018-10-02 01:00:00,22726.342
2018-10-02 02:00:00,22142.627
2018-10-02 03:00:00,22061.037
2018-10-02 04:00:00,22061.037
2018-10-02 05:00:00,22142.627
2018-10-02 06:00:00,23458.428
2018-10-02 07:00:00,26518.383
2018-10-02 08:00:00,27933.113
2018-10-02 09:00:00,28198.389
2018-10-02 10:00:00,28515.154
2018-10-02 11:00:00,28977.447
2018-10-02 12:00:00,29167.352
2018-10-02 13:00:00,29379.46
2018-10-02 14:00:00,29641.363
2018-10-02 15:00:00,29851.123
2018-10-02 16:00:00,30287.014
2018-10-02 17:00:00,30354.295
2018-10-02 18:00:00,30877.76
2018-10-02 19:00:00,30914.637
2018-10-02 20:00:00,31544.904
2018-10-02 21:00:00,30860.707
2018-10-02 22:00:00,28978.803
2018-10-02 23:00:00,26363.3
2018-10-03 00:00:00,24275.691
2018-10-03 01:00:00,22768.312
2018-10-03 02:00:00,22142.627
2018-10-03 03:00:00,22061.037
2018-10-03 04:00:00,22061.037
2018-10-03 05:00:00,22074.354
2018-10-03 06:00:00,23141.627
2018-10-03 07:00:00,26311.07
2018-10-03 08:00:00,27933.113
2018-10-03 09:00:00,28181.717
2018-10-03 10:00:00,28562.725
2018-10-03 11:00:00,29202.496
2018-10-03 12:00:00,29474.457
2018-10-03 13:00:00,29633.408
2018-10-03 14:00:00,30348.732
2018-10-03 15:00:00,30689.062
2018-10-03 16:00:00,30977.742
2018-10-03 17:00:00,31269.94
2018-10-03 18:00:00,31502.766
2018-10-03 19:00:00,31472.693
2018-10-03 20:00:00,31970.744
2018-10-03 21:00:00,31427.01
2018-10-03 22:00:00,29353.074
2018-10-03 23:00:00,26880.916
2018-10-04 00:00:00,24736.984
2018-10-04 01:00:00,23040.34
2018-10-04 02:00:00,22270.531
2018-10-04 03:00:00,22094.365
2018-10-04 04:00:00,22094.365
2018-10-04 05:00:00,22094.365
2018-10-04 06:00:00,23435.662
2018-10-04 07:00:00,26535.678
2018-10-04 08:00:00,28397.617
2018-10-04 09:00:00,28947.854
2018-10-04 10:00:00,29222.656
2018-10-04 11:00:00,30296.373
2018-10-04 12:00:00,30772.553
2018-10-04 13:00:00,31177.162
2018-10-04 14:00:00,31588.31
2018-10-04 15:00:00,31740.25
2018-10-04 16:00:00,31961.486
2018-10-04 17:00:00,32151.463
2018-10-04 18:00:00,32151.463
2018-10-04 19:00:00,32221.828
2018-10-04 20:00:00,32697.133
2018-10-04 21:00:00,32151.463
2018-10-04 22:00:00,31063.56
2018-10-04 23:00:00,28752.086
2018-10-05 00:00:00,25621.205
2018-10-05 01:00:00,23915.47
2018-10-05 02:00:00,22948.03
2018-10-05 03:00:00,22638.385
2018-10-05 04:00:00,22464.904
2018-10-05 05:00:00,22690.736
2018-10-05 06:00:00,23916.086
2018-10-05 07:00:00,26710.887
2018-10-05 08:00:00,28835.844
2018-10-05 09:00:00,29720.078
2018-10-05 10:00:00,30723.084
2018-10-05 11:00:00,31314.215
2018-10-05 12:00:00,31632.07
2018-10-05 13:00:00,31847.195
2018-10-05 14:00:00,32186.422
2018-10-05 15:00:00,32518.115
2018-10-05 16:00:00,32603.518
2018-10-05 17:00:00,32654.541
2018-10-05 18:00:00,32651.13
2018-10-05 19:00:00,32458.873
2018-10-05 20:00:00,32340.955
2018-10-05 21:00:00,31753.547
2018-10-05 22:00:00,30435.969
2018-10-05 23:00:00,28752.086
2018-10-06 00:00:00,25733.305
2018-10-06 01:00:00,24109.967
2018-10-06 02:00:00,23005.172
2018-10-06 03:00:00,22571.824
2018-10-06 04:00:00,22139.984
2018-10-06 05:00:00,22139.984
2018-10-06 06:00:00,22425.432
2018-10-06 07:00:00,22900.416
2018-10-06 08:00:00,23726.742
2018-10-06 09:00:00,24937.883
2018-10-06 10:00:00,26470.8
2018-10-06 11:00:00,28285.766
2018-10-06 12:00:00,29145.428
2018-10-06 13:00:00,29597.799
2018-10-06 14:00:00,29870.643
2018-10-06 15:00:00,30005.535
2018-10-06 16:00:00,30472.123
2018-10-06 17:00:00,30723.35
2018-10-06 18:00:00,30584.828
2018-10-06 19:00:00,30433.379
2018-10-06 20:00:00,30728.934
2018-10-06 21:00:00,30375.04
2018-10-06 22:00:00,29756.955
2018-10-06 23:00:00,28336.66
2018-10-07 00:00:00,25739.275
2018-10-07 01:00:00,24568.69
2018-10-07 02:00:00,23574.863
2018-10-07 03:00:00,23328.426
2018-10-07 04:00:00,23105.434
2018-10-07 05:00:00,23105.434
2018-10-07 06:00:00,23355.514
2018-10-07 07:00:00,23612.56
2018-10-07 08:00:00,24446.41
2018-10-07 09:00:00,26169.662
2018-10-07 10:00:00,27762.85
2018-10-07 11:00:00,28839.926
2018-10-07 12:00:00,29376.06
2018-10-07 13:00:00,29655.91
2018-10-07 14:00:00,29864.146
2018-10-07 15:00:00,29937.12
2018-10-07 16:00:00,30261.88
2018-10-07 17:00:00,30684.377
2018-10-07 18:00:00,30831.64
2018-10-07 19:00:00,31211.348
2018-10-07 20:00:00,31646.104
2018-10-07 21:00:00,31236.455
2018-10-07 22:00:00,30368.549
2018-10-07 23:00:00,29063.504
2018-10-08 00:00:00,26056.549
2018-10-08 01:00:00,24771.184
2018-10-08 02:00:00,24164.508
2018-10-08 03:00:00,23862.572
2018-10-08 04:00:00,23680.713
2018-10-08 05:00:00,23890.238
2018-10-08 06:00:00,25155.379
2018-10-08 07:00:00,27671.473
2018-10-08 08:00:00,30139.39
2018-10-08 09:00:00,31014.676
2018-10-08 10:00:00,31617.45
2018-10-08 11:00:00,31898.998
2018-10-08 12:00:00,31893.428
2018-10-08 13:00:00,32049.322
2018-10-08 14:00:00,32443.861
2018-10-08 15:00:00,32630.959
2018-10-08 16:00:00,33014.04
2018-10-08 17:00:00,33223.93
2018-10-08 18:00:00,33239.43
2018-10-08 19:00:00,34607.38
2018-10-08 20:00:00,34628.29
2018-10-08 21:00:00,33258.246
2018-10-08 22:00:00,31995.027
2018-10-08 23:00:00,30580.486
2018-10-09 00:00:00,26730.768
2018-10-09 01:00:00,25534.986
2018-10-09 02:00:00,24535.564
2018-10-09 03:00:00,23862.572
2018-10-09 04:00:00,23587.248
2018-10-09 05:00:00,23626.195
2018-10-09 06:00:00,25084.975
2018-10-09 07:00:00,27647.64
2018-10-09 08:00:00,30195.379
2018-10-09 09:00:00,30796.262
2018-10-09 10:00:00,31273.766
2018-10-09 11:00:00,31782.037
2018-10-09 12:00:00,32269.695
2018-10-09 13:00:00,32539.18
2018-10-09 14:00:00,33210.555
2018-10-09 15:00:00,33226.133
2018-10-09 16:00:00,34483.457
2018-10-09 17:00:00,34192.71
2018-10-09 18:00:00,34578.75
2018-10-09 19:00:00,33659.934
2018-10-09 20:00:00,33529.24
2018-10-09 21:00:00,32800.055
2018-10-09 22:00:00,31664.227
2018-10-09 23:00:00,29918.736
2018-10-10 00:00:00,26260.44
2018-10-10 01:00:00,24570.916
2018-10-10 02:00:00,23655.521
2018-10-10 03:00:00,23073.113
2018-10-10 04:00:00,22849.29
2018-10-10 05:00:00,23003.459
2018-10-10 06:00:00,24495.287
2018-10-10 07:00:00,27414.133
2018-10-10 08:00:00,29930.678
2018-10-10 09:00:00,30203.38
2018-10-10 10:00:00,30511.477
2018-10-10 11:00:00,30759.086
2018-10-10 12:00:00,30898.494
2018-10-10 13:00:00,31018.916
2018-10-10 14:00:00,31295.943
2018-10-10 15:00:00,31223.102
2018-10-10 16:00:00,31194.363
2018-10-10 17:00:00,31398.111
2018-10-10 18:00:00,31598.13
2018-10-10 19:00:00,31964.521
2018-10-10 20:00:00,32151.463
2018-10-10 21:00:00,31732.596
2018-10-10 22:00:00,30311.055
2018-10-10 23:00:00,28034.502
2018-10-11 00:00:00,25114.648
2018-10-11 01:00:00,23593.51
2018-10-11 02:00:00,22706.658
2018-10-11 03:00:00,22303.016
2018-10-11 04:00:00,22253.1
2018-10-11 05:00:00,22371.29
2018-10-11 06:00:00,23924.207
2018-10-11 07:00:00,26847.652
2018-10-11 08:00:00,28855.44
2018-10-11 09:00:00,29250.94
2018-10-11 10:00:00,29630.277
2018-10-11 11:00:00,29685.316
2018-10-11 12:00:00,29679.746
2018-10-11 13:00:00,29681.041
2018-10-11 14:00:00,29748.043
2018-10-11 15:00:00,29426.139
2018-10-11 16:00:00,29324.754
2018-10-11 17:00:00,29439.436
2018-10-11 18:00:00,29528.742
2018-10-11 19:00:00,30624.031
2018-10-11 20:00:00,30962.91
2018-10-11 21:00:00,30460.209
2018-10-11 22:00:00,28289.695
2018-10-11 23:00:00,26182.664
2018-10-12 00:00:00,24370.908
2018-10-12 01:00:00,22768.312
2018-10-12 02:00:00,22162.639
2018-10-12 03:00:00,22061.037
2018-10-12 04:00:00,22061.037
2018-10-12 05:00:00,22142.627
2018-10-12 06:00:00,23403.152
2018-10-12 07:00:00,26455.635
2018-10-12 08:00:00,28172.463
2018-10-12 09:00:00,28421.066
2018-10-12 10:00:00,28768.248
2018-10-12 11:00:00,28964.484
2018-10-12 12:00:00,28855.822
2018-10-12 13:00:00,28857.117
2018-10-12 14:00:00,28934.676
2018-10-12 15:00:00,28591.621
2018-10-12 16:00:00,28581.895
2018-10-12 17:00:00,28634.57
2018-10-12 18:00:00,28916.162
2018-10-12 19:00:00,29373.188
2018-10-12 20:00:00,29870.555
2018-10-12 21:00:00,28938.0
2018-10-12 22:00:00,27642.213
2018-10-12 23:00:00,26048.578
2018-10-13 00:00:00,24220.047
2018-10-13 01:00:00,22496.29
2018-10-13 02:00:00,21993.574
2018-10-13 03:00:00,21832.713
2018-10-13 04:00:00,21798.377
2018-10-13 05:00:00,21798.377
2018-10-13 06:00:00,21945.574
2018-10-13 07:00:00,22633.553
2018-10-13 08:00:00,23748.918
2018-10-13 09:00:00,25067.309
2018-10-13 10:00:00,25597.771
2018-10-13 11:00:00,25896.959
2018-10-13 12:00:00,25950.018
2018-10-13 13:00:00,25825.777
2018-10-13 14:00:00,25631.799
2018-10-13 15:00:00,25375.879
2018-10-13 16:00:00,25389.176
2018-10-13 17:00:00,25769.297
2018-10-13 18:00:00,26651.988
2018-10-13 19:00:00,27411.707
2018-10-13 20:00:00,28436.475
2018-10-13 21:00:00,27769.186
2018-10-13 22:00:00,26660.852
2018-10-13 23:00:00,25305.893
2018-10-14 00:00:00,23958.83
2018-10-14 01:00:00,22461.107
2018-10-14 02:00:00,22086.848
2018-10-14 03:00:00,21984.193
2018-10-14 04:00:00,21827.361
2018-10-14 05:00:00,21949.857
2018-10-14 06:00:00,22067.586
2018-10-14 07:00:00,22425.021
2018-10-14 08:00:00,22856.383
2018-10-14 09:00:00,24029.617
2018-10-14 10:00:00,25009.492
2018-10-14 11:00:00,25282.344
2018-10-14 12:00:00,25582.78
2018-10-14 13:00:00,26126.639
2018-10-14 14:00:00,26268.168
2018-10-14 15:00:00,26266.72
2018-10-14 16:00:00,26777.576
2018-10-14 17:00:00,27105.83
2018-10-14 18:00:00,28143.658
2018-10-14 19:00:00,29455.178
2018-10-14 20:00:00,30304.168
2018-10-14 21:00:00,29784.146
2018-10-14 22:00:00,28216.365
2018-10-14 23:00:00,25985.383
2018-10-15 00:00:00,24868.918
2018-10-15 01:00:00,23420.963
2018-10-15 02:00:00,22810.348
2018-10-15 03:00:00,22636.693
2018-10-15 04:00:00,22682.973
2018-10-15 05:00:00,22837.19
2018-10-15 06:00:00,24511.777
2018-10-15 07:00:00,27318.537
2018-10-15 08:00:00,29060.81
2018-10-15 09:00:00,29734.904
2018-10-15 10:00:00,29843.146
2018-10-15 11:00:00,29938.402
2018-10-15 12:00:00,29720.463
2018-10-15 13:00:00,29450.12
2018-10-15 14:00:00,29185.646
2018-10-15 15:00:00,29002.219
2018-10-15 16:00:00,28945.973
2018-10-15 17:00:00,29275.05
2018-10-15 18:00:00,30199.148
2018-10-15 19:00:00,31226.2
2018-10-15 20:00:00,31557.484
2018-10-15 21:00:00,30815.855
2018-10-15 22:00:00,29134.295
2018-10-15 23:00:00,26880.24
2018-10-16 00:00:00,25109.293
2018-10-16 01:00:00,23175.236
2018-10-16 02:00:00,22732.645
2018-10-16 03:00:00,22324.176
2018-10-16 04:00:00,22298.576
2018-10-16 05:00:00,22669.113
2018-10-16 06:00:00,24446.514
2018-10-16 07:00:00,27516.777
2018-10-16 08:00:00,29677.02
2018-10-16 09:00:00,29885.775
2018-10-16 10:00:00,29481.934
2018-10-16 11:00:00,29058.629
2018-10-16 12:00:00,28825.402
2018-10-16 13:00:00,28472.729
2018-10-16 14:00:00,29593.793
2018-10-16 15:00:00,29518.06
2018-10-16 16:00:00,29714.162
2018-10-16 17:00:00,30048.572
2018-10-16 18:00:00,30615.623
2018-10-16 19:00:00,31221.934
2018-10-16 20:00:00,31560.168
2018-10-16 21:00:00,31007.078
2018-10-16 22:00:00,28905.861
2018-10-16 23:00:00,26891.406
2018-10-17 00:00:00,25128.05
2018-10-17 01:00:00,23388.2
2018-10-17 02:00:00,22613.178
2018-10-17 03:00:00,22407.426
2018-10-17 04:00:00,22344.809
2018-10-17 05:00:00,22637.814
2018-10-17 06:00:00,24491.877
2018-10-17 07:00:00,27231.621
2018-10-17 08:00:00,29572.67
2018-10-17 09:00:00,29667.574
2018-10-17 10:00:00,29246.572
2018-10-17 11:00:00,29027.453
2018-10-17 12:00:00,29838.988
2018-10-17 13:00:00,29948.803
2018-10-17 14:00:00,30229.408
2018-10-17 15:00:00,30462.477
2018-10-17 16:00:00,30913.652
2018-10-17 17:00:00,31256.572
2018-10-17 18:00:00,31318.025
2018-10-17 19:00:00,31457.852
2018-10-17 20:00:00,31705.818
2018-10-17 21:00:00,31128.389
2018-10-17 22:00:00,29115.033
2018-10-17 23:00:00,26708.168
2018-10-18 00:00:00,25078.525
2018-10-18 01:00:00,23341.43
2018-10-18 02:00:00,22445.04
2018-10-18 03:00:00,22243.207
2018-10-18 04:00:00,22145.87
2018-10-18 05:00:00,22258.59
2018-10-18 06:00:00,24032.568
2018-10-18 07:00:00,26837.65
2018-10-18 08:00:00,28850.502
2018-10-18 09:00:00,29030.36
2018-10-18 10:00:00,28690.555
2018-10-18 11:00:00,28748.889
2018-10-18 12:00:00,28981.578
2018-10-18 13:00:00,29155.988
2018-10-18 14:00:00,29836.027
2018-10-18 15:00:00,30161.57
2018-10-18 16:00:00,30630.467
2018-10-18 17:00:00,30837.914
2018-10-18 18:00:00,31007.078
2018-10-18 19:00:00,31207.475
2018-10-18 20:00:00,31528.91
2018-10-18 21:00:00,30986.957
2018-10-18 22:00:00,28729.15
2018-10-18 23:00:00,26805.33
2018-10-19 00:00:00,24971.746
2018-10-19 01:00:00,23264.662
2018-10-19 02:00:00,22544.904
2018-10-19 03:00:00,22305.824
2018-10-19 04:00:00,22243.207
2018-10-19 05:00:00,22319.14
2018-10-19 06:00:00,23573.111
2018-10-19 07:00:00,26381.709
2018-10-19 08:00:00,28241.611
2018-10-19 09:00:00,28662.715
2018-10-19 10:00:00,28721.428
2018-10-19 11:00:00,28903.922
2018-10-19 12:00:00,28852.02
2018-10-19 13:00:00,28988.34
2018-10-19 14:00:00,29373.71
2018-10-19 15:00:00,29452.385
2018-10-19 16:00:00,29525.516
2018-10-19 17:00:00,29473.992
2018-10-19 18:00:00,29635.422
2018-10-19 19:00:00,29807.957
2018-10-19 20:00:00,29846.98
2018-10-19 21:00:00,28765.934
2018-10-19 22:00:00,27238.574
2018-10-19 23:00:00,26038.05
2018-10-20 00:00:00,23978.676
2018-10-20 01:00:00,22380.162
2018-10-20 02:00:00,21900.986
2018-10-20 03:00:00,21798.377
2018-10-20 04:00:00,21798.377
2018-10-20 05:00:00,21798.377
2018-10-20 06:00:00,22055.398
2018-10-20 07:00:00,22613.232
2018-10-20 08:00:00,23487.463
2018-10-20 09:00:00,24795.875
2018-10-20 10:00:00,25580.838
2018-10-20 11:00:00,25795.518
2018-10-20 12:00:00,25667.035
2018-10-20 13:00:00,25620.322
2018-10-20 14:00:00,25508.87
2018-10-20 15:00:00,25352.715
2018-10-20 16:00:00,25413.496
2018-10-20 17:00:00,25641.137
2018-10-20 18:00:00,25980.12
2018-10-20 19:00:00,27168.61
2018-10-20 20:00:00,27394.266
2018-10-20 21:00:00,26636.824
2018-10-20 22:00:00,25729.363
2018-10-20 23:00:00,24536.79
2018-10-21 00:00:00,23157.514
2018-10-21 01:00:00,22154.443
2018-10-21 02:00:00,21759.088
2018-10-21 03:00:00,21759.088
2018-10-21 04:00:00,21759.088
2018-10-21 05:00:00,21759.088
2018-10-21 06:00:00,21786.176
2018-10-21 07:00:00,21814.285
2018-10-21 08:00:00,22337.91
2018-10-21 09:00:00,23311.232
2018-10-21 10:00:00,23799.953
2018-10-21 11:00:00,24308.416
2018-10-21 12:00:00,24524.521
2018-10-21 13:00:00,24662.486
2018-10-21 14:00:00,24648.27
2018-10-21 15:00:00,24813.072
2018-10-21 16:00:00,25085.373
2018-10-21 17:00:00,25524.912
2018-10-21 18:00:00,26159.258
2018-10-21 19:00:00,27859.914
2018-10-21 20:00:00,28479.33
2018-10-21 21:00:00,27594.973
2018-10-21 22:00:00,25964.52
2018-10-21 23:00:00,24410.662
2018-10-22 00:00:00,22983.174
2018-10-22 01:00:00,22258.145
2018-10-22 02:00:00,22061.037
2018-10-22 03:00:00,22061.037
2018-10-22 04:00:00,22061.037
2018-10-22 05:00:00,22129.31
2018-10-22 06:00:00,23467.092
2018-10-22 07:00:00,26552.87
2018-10-22 08:00:00,28697.896
2018-10-22 09:00:00,29293.521
2018-10-22 10:00:00,29425.715
2018-10-22 11:00:00,29718.791
2018-10-22 12:00:00,29727.316
2018-10-22 13:00:00,29582.521
2018-10-22 14:00:00,29804.092
2018-10-22 15:00:00,29781.611
2018-10-22 16:00:00,29794.908
2018-10-22 17:00:00,30293.178
2018-10-22 18:00:00,30826.662
2018-10-22 19:00:00,31717.453
2018-10-22 20:00:00,31868.676
2018-10-22 21:00:00,31241.805
2018-10-22 22:00:00,29850.348
2018-10-22 23:00:00,27302.758
2018-10-23 00:00:00,25230.822
2018-10-23 01:00:00,23629.352
2018-10-23 02:00:00,22728.043
2018-10-23 03:00:00,22490.639
2018-10-23 04:00:00,22490.639
2018-10-23 05:00:00,22945.096
2018-10-23 06:00:00,24898.29
2018-10-23 07:00:00,27697.346
2018-10-23 08:00:00,30324.195
2018-10-23 09:00:00,30653.014
2018-10-23 10:00:00,30705.225
2018-10-23 11:00:00,30805.879
2018-10-23 12:00:00,30880.135
2018-10-23 13:00:00,30772.75
2018-10-23 14:00:00,30706.135
2018-10-23 15:00:00,30601.596
2018-10-23 16:00:00,30614.893
2018-10-23 17:00:00,30717.984
2018-10-23 18:00:00,31140.004
2018-10-23 19:00:00,31894.916
2018-10-23 20:00:00,31956.465
2018-10-23 21:00:00,31371.725
2018-10-23 22:00:00,29692.188
2018-10-23 23:00:00,27289.857
2018-10-24 00:00:00,25305.982
2018-10-24 01:00:00,23581.719
2018-10-24 02:00:00,22677.605
2018-10-24 03:00:00,22529.922
2018-10-24 04:00:00,22496.594
2018-10-24 05:00:00,22891.492
2018-10-24 06:00:00,24505.018
2018-10-24 07:00:00,27346.664
2018-10-24 08:00:00,29181.031
2018-10-24 09:00:00,29239.162
2018-10-24 10:00:00,29356.523
2018-10-24 11:00:00,29275.355
2018-10-24 12:00:00,29251.885
2018-10-24 13:00:00,29050.672
2018-10-24 14:00:00,29157.885
2018-10-24 15:00:00,29449.111
2018-10-24 16:00:00,29462.408
2018-10-24 17:00:00,29761.594
2018-10-24 18:00:00,30234.994
2018-10-24 19:00:00,31217.1
2018-10-24 20:00:00,31321.086
2018-10-24 21:00:00,30424.162
2018-10-24 22:00:00,28889.385
2018-10-24 23:00:00,26604.576
2018-10-25 00:00:00,24845.852
2018-10-25 01:00:00,23369.916
2018-10-25 02:00:00,22529.922
2018-10-25 03:00:00,22225.262
2018-10-25 04:00:00,22225.262
2018-10-25 05:00:00,22407.426
2018-10-25 06:00:00,24322.896
2018-10-25 07:00:00,26970.396
2018-10-25 08:00:00,29429.621
2018-10-25 09:00:00,29667.574
2018-10-25 10:00:00,29591.611
2018-10-25 11:00:00,29735.924
2018-10-25 12:00:00,29682.488
2018-10-25 13:00:00,29450.12
2018-10-25 14:00:00,29557.332
2018-10-25 15:00:00,29030.914
2018-10-25 16:00:00,28863.676
2018-10-25 17:00:00,29320.99
2018-10-25 18:00:00,30074.723
2018-10-25 19:00:00,31202.965
2018-10-25 20:00:00,31288.71
2018-10-25 21:00:00,30528.62
2018-10-25 22:00:00,28947.803
2018-10-25 23:00:00,26754.85
2018-10-26 00:00:00,25004.8
2018-10-26 01:00:00,23253.828
2018-10-26 02:00:00,22417.324
2018-10-26 03:00:00,22287.09
2018-10-26 04:00:00,22219.758
2018-10-26 05:00:00,22629.129
2018-10-26 06:00:00,24652.36
2018-10-26 07:00:00,27379.316
2018-10-26 08:00:00,29766.736
2018-10-26 09:00:00,30065.871
2018-10-26 10:00:00,29290.719
2018-10-26 11:00:00,29029.09
2018-10-26 12:00:00,28498.375
2018-10-26 13:00:00,28120.396
2018-10-26 14:00:00,27958.428
2018-10-26 15:00:00,27816.404
2018-10-26 16:00:00,27829.701
2018-10-26 17:00:00,28002.203
2018-10-26 18:00:00,28552.484
2018-10-26 19:00:00,29982.094
2018-10-26 20:00:00,30010.293
2018-10-26 21:00:00,29374.213
2018-10-26 22:00:00,28114.168
2018-10-26 23:00:00,26494.64
2018-10-27 00:00:00,24844.89
2018-10-27 01:00:00,23278.074
2018-10-27 02:00:00,22432.014
2018-10-27 03:00:00,22254.832
2018-10-27 04:00:00,22228.932
2018-10-27 05:00:00,22339.426
2018-10-27 06:00:00,22916.262
2018-10-27 07:00:00,23935.662
2018-10-27 08:00:00,25275.709
2018-10-27 09:00:00,26168.893
2018-10-27 10:00:00,26269.99
2018-10-27 11:00:00,26193.246
2018-10-27 12:00:00,25764.197
2018-10-27 13:00:00,25324.44
2018-10-27 14:00:00,25162.969
2018-10-27 15:00:00,24943.957
2018-10-27 16:00:00,25172.19
2018-10-27 17:00:00,25619.496
2018-10-27 18:00:00,26004.975
2018-10-27 19:00:00,27181.81
2018-10-27 20:00:00,27092.805
2018-10-27 21:00:00,26664.242
2018-10-27 22:00:00,25878.443
2018-10-27 23:00:00,24562.637
2018-10-28 00:00:00,23479.81
2018-10-28 01:00:00,22246.424
2018-10-28 02:00:00,21759.088
2018-10-28 03:00:00,21759.088
2018-10-28 04:00:00,21759.088
2018-10-28 05:00:00,21759.088
2018-10-28 06:00:00,21786.176
2018-10-28 07:00:00,22026.719
2018-10-28 08:00:00,22368.96
2018-10-28 09:00:00,23352.738
2018-10-28 10:00:00,24610.879
2018-10-28 11:00:00,25177.348
2018-10-28 12:00:00,25533.74
2018-10-28 13:00:00,25805.105
2018-10-28 14:00:00,25788.26
2018-10-28 15:00:00,25906.701
2018-10-28 16:00:00,26475.398
2018-10-28 17:00:00,27141.555
2018-10-28 18:00:00,28419.494
2018-10-28 19:00:00,28992.375
2018-10-28 20:00:00,28992.375
2018-10-28 21:00:00,27809.143
2018-10-28 22:00:00,26439.543
2018-10-28 23:00:00,24970.186
2018-10-29 00:00:00,23431.076
2018-10-29 01:00:00,22359.059
2018-10-29 02:00:00,22074.354
2018-10-29 03:00:00,22061.037
2018-10-29 04:00:00,22061.037
2018-10-29 05:00:00,22162.639
2018-10-29 06:00:00,23692.752
2018-10-29 07:00:00,26710.504
2018-10-29 08:00:00,28855.44
2018-10-29 09:00:00,29294.182
2018-10-29 10:00:00,29512.635
2018-10-29 11:00:00,29343.768
2018-10-29 12:00:00,29027.66
2018-10-29 13:00:00,28444.148
2018-10-29 14:00:00,28521.709
2018-10-29 15:00:00,28162.957
2018-10-29 16:00:00,28176.254
2018-10-29 17:00:00,28692.416
2018-10-29 18:00:00,30222.637
2018-10-29 19:00:00,31325.23
2018-10-29 20:00:00,31208.492
2018-10-29 21:00:00,30692.555
2018-10-29 22:00:00,28952.74
2018-10-29 23:00:00,26709.81
2018-10-30 00:00:00,24870.09
2018-10-30 01:00:00,23253.828
2018-10-30 02:00:00,22658.736
2018-10-30 03:00:00,22575.197
2018-10-30 04:00:00,22575.197
2018-10-30 05:00:00,22822.955
2018-10-30 06:00:00,25417.768
2018-10-30 07:00:00,27949.455
2018-10-30 08:00:00,29924.236
2018-10-30 09:00:00,30185.9
2018-10-30 10:00:00,29580.8
2018-10-30 11:00:00,29254.436
2018-10-30 12:00:00,29023.52
2018-10-30 13:00:00,28502.965
2018-10-30 14:00:00,28642.885
2018-10-30 15:00:00,28476.238
2018-10-30 16:00:00,28755.0
2018-10-30 17:00:00,29171.846
2018-10-30 18:00:00,30337.225
2018-10-30 19:00:00,31177.896
2018-10-30 20:00:00,30790.564
2018-10-30 21:00:00,30528.62
2018-10-30 22:00:00,29089.0
2018-10-30 23:00:00,26951.42
2018-10-31 00:00:00,24992.043
2018-10-31 01:00:00,23510.246
2018-10-31 02:00:00,23005.986
2018-10-31 03:00:00,22690.736
2018-10-31 04:00:00,22706.658
2018-10-31 05:00:00,23124.89
2018-10-31 06:00:00,24993.62
2018-10-31 07:00:00,27694.895
2018-10-31 08:00:00,30049.87
2018-10-31 09:00:00,30307.004
2018-10-31 10:00:00,30419.73
2018-10-31 11:00:00,30010.049
2018-10-31 12:00:00,30048.752
2018-10-31 13:00:00,29728.611
2018-10-31 14:00:00,29965.03
2018-10-31 15:00:00,30059.633
2018-10-31 16:00:00,30072.93
2018-10-31 17:00:00,30353.219
2018-10-31 18:00:00,31311.805
2018-10-31 19:00:00,31840.22
2018-10-31 20:00:00,31599.438
2018-10-31 21:00:00,31079.338
2018-10-31 22:00:00,29110.398
2018-10-31 23:00:00,26781.867
2018-11-01 00:00:00,24925.428
2018-11-01 01:00:00,23198.828
2018-11-01 02:00:00,22321.373
2018-11-01 03:00:00,22202.258
2018-11-01 04:00:00,22195.28
2018-11-01 05:00:00,22321.373
2018-11-01 06:00:00,24043.945
2018-11-01 07:00:00,26891.152
2018-11-01 08:00:00,29195.021
2018-11-01 09:00:00,29575.867
2018-11-01 10:00:00,29715.14
2018-11-01 11:00:00,29780.98
2018-11-01 12:00:00,29732.436
2018-11-01 13:00:00,29733.73
2018-11-01 14:00:00,29998.6
2018-11-01 15:00:00,29997.152
2018-11-01 16:00:00,29992.549
2018-11-01 17:00:00,30531.305
2018-11-01 18:00:00,31248.082
2018-11-01 19:00:00,31664.094
2018-11-01 20:00:00,31535.762
2018-11-01 21:00:00,30855.447
2018-11-01 22:00:00,28881.012
2018-11-01 23:00:00,26474.014
2018-11-02 00:00:00,24621.016
2018-11-02 01:00:00,22882.781
2018-11-02 02:00:00,22285.135
2018-11-02 03:00:00,22162.639
2018-11-02 04:00:00,22142.627
2018-11-02 05:00:00,22285.135
2018-11-02 06:00:00,23609.213
2018-11-02 07:00:00,26444.953
2018-11-02 08:00:00,28588.16
2018-11-02 09:00:00,29255.95
2018-11-02 10:00:00,29321.361
2018-11-02 11:00:00,29630.453
2018-11-02 12:00:00,29609.332
2018-11-02 13:00:00,29580.973
2018-11-02 14:00:00,29991.271
2018-11-02 15:00:00,29933.703
2018-11-02 16:00:00,29844.492
2018-11-02 17:00:00,29947.0
2018-11-02 18:00:00,30497.838
2018-11-02 19:00:00,31124.875
2018-11-02 20:00:00,30553.615
2018-11-02 21:00:00,29632.385
2018-11-02 22:00:00,27874.816
2018-11-02 23:00:00,26231.512
2018-11-03 00:00:00,24384.02
2018-11-03 01:00:00,22725.7
2018-11-03 02:00:00,21992.234
2018-11-03 03:00:00,21863.725
2018-11-03 04:00:00,21815.877
2018-11-03 05:00:00,21863.725
2018-11-03 06:00:00,22142.088
2018-11-03 07:00:00,22995.89
2018-11-03 08:00:00,24458.318
2018-11-03 09:00:00,25457.459
2018-11-03 10:00:00,25926.346
2018-11-03 11:00:00,26059.738
2018-11-03 12:00:00,25879.39
2018-11-03 13:00:00,25616.514
2018-11-03 14:00:00,25229.352
2018-11-03 15:00:00,25045.697
2018-11-03 16:00:00,25178.242
2018-11-03 17:00:00,25703.936
2018-11-03 18:00:00,26594.865
2018-11-03 19:00:00,27757.293
2018-11-03 20:00:00,27499.63
2018-11-03 21:00:00,27019.064
2018-11-03 22:00:00,25882.678
2018-11-03 23:00:00,24828.014
2018-11-04 00:00:00,23531.646
2018-11-04 01:00:00,22262.477
2018-11-04 02:00:00,21759.088
2018-11-04 03:00:00,21759.088
2018-11-04 04:00:00,21759.088
2018-11-04 05:00:00,21759.088
2018-11-04 06:00:00,21820.512
2018-11-04 07:00:00,22213.756
2018-11-04 08:00:00,22941.076
2018-11-04 09:00:00,24113.277
2018-11-04 10:00:00,24576.52
2018-11-04 11:00:00,24714.152
2018-11-04 12:00:00,24771.648
2018-11-04 13:00:00,24859.02
2018-11-04 14:00:00,24914.473
2018-11-04 15:00:00,24913.025
2018-11-04 16:00:00,25228.555
2018-11-04 17:00:00,26775.895
2018-11-04 18:00:00,28789.867
2018-11-04 19:00:00,29331.344
2018-11-04 20:00:00,28711.258
2018-11-04 21:00:00,27711.943
2018-11-04 22:00:00,26174.213
2018-11-04 23:00:00,24790.34
2018-11-05 00:00:00,23440.94
2018-11-05 01:00:00,22772.875
2018-11-05 02:00:00,22383.408
2018-11-05 03:00:00,22383.408
2018-11-05 04:00:00,22383.408
2018-11-05 05:00:00,22965.371
2018-11-05 06:00:00,25138.357
2018-11-05 07:00:00,27950.416
2018-11-05 08:00:00,29711.22
2018-11-05 09:00:00,30051.072
2018-11-05 10:00:00,29906.871
2018-11-05 11:00:00,29967.066
2018-11-05 12:00:00,29632.113
2018-11-05 13:00:00,29586.455
2018-11-05 14:00:00,29924.818
2018-11-05 15:00:00,29692.22
2018-11-05 16:00:00,29841.775
2018-11-05 17:00:00,30840.758
2018-11-05 18:00:00,32019.38
2018-11-05 19:00:00,31925.459
2018-11-05 20:00:00,31746.768
2018-11-05 21:00:00,30513.775
2018-11-05 22:00:00,28760.18
2018-11-05 23:00:00,26507.842
2018-11-06 00:00:00,24885.666
2018-11-06 01:00:00,23313.615
2018-11-06 02:00:00,22920.309
2018-11-06 03:00:00,22819.395
2018-11-06 04:00:00,22722.227
2018-11-06 05:00:00,23295.84
2018-11-06 06:00:00,25352.557
2018-11-06 07:00:00,27783.416
2018-11-06 08:00:00,29627.94
2018-11-06 09:00:00,30356.99
2018-11-06 10:00:00,30267.541
2018-11-06 11:00:00,30596.744
2018-11-06 12:00:00,30763.432
2018-11-06 13:00:00,30628.467
2018-11-06 14:00:00,30852.383
2018-11-06 15:00:00,30850.936
2018-11-06 16:00:00,30937.496
2018-11-06 17:00:00,31718.016
2018-11-06 18:00:00,32673.197
2018-11-06 19:00:00,32504.297
2018-11-06 20:00:00,32129.9
2018-11-06 21:00:00,31644.088
2018-11-06 22:00:00,29792.502
2018-11-06 23:00:00,27891.064
2018-11-07 00:00:00,25448.37
2018-11-07 01:00:00,24095.27
2018-11-07 02:00:00,23359.834
2018-11-07 03:00:00,23085.523
2018-11-07 04:00:00,23071.732
2018-11-07 05:00:00,23720.996
2018-11-07 06:00:00,25443.037
2018-11-07 07:00:00,27905.12
2018-11-07 08:00:00,30129.13
2018-11-07 09:00:00,30485.9
2018-11-07 10:00:00,30799.135
2018-11-07 11:00:00,30763.65
2018-11-07 12:00:00,30398.367
2018-11-07 13:00:00,30040.756
2018-11-07 14:00:00,30056.232
2018-11-07 15:00:00,29874.25
2018-11-07 16:00:00,30006.674
2018-11-07 17:00:00,31224.24
2018-11-07 18:00:00,32361.48
2018-11-07 19:00:00,32381.586
2018-11-07 20:00:00,31937.064
2018-11-07 21:00:00,31566.58
2018-11-07 22:00:00,29998.305
2018-11-07 23:00:00,27995.867
2018-11-08 00:00:00,25574.941
2018-11-08 01:00:00,24284.473
2018-11-08 02:00:00,23646.836
2018-11-08 03:00:00,23478.748
2018-11-08 04:00:00,23478.748
2018-11-08 05:00:00,24226.023
2018-11-08 06:00:00,25842.049
2018-11-08 07:00:00,28183.908
2018-11-08 08:00:00,30503.018
2018-11-08 09:00:00,30952.666
2018-11-08 10:00:00,30846.459
2018-11-08 11:00:00,30606.475
2018-11-08 12:00:00,30143.207
2018-11-08 13:00:00,30031.646
2018-11-08 14:00:00,30138.86
2018-11-08 15:00:00,30137.412
2018-11-08 16:00:00,29976.879
2018-11-08 17:00:00,31196.129
2018-11-08 18:00:00,32313.814
2018-11-08 19:00:00,32188.1
2018-11-08 20:00:00,31763.475
2018-11-08 21:00:00,31291.78
2018-11-08 22:00:00,29883.44
2018-11-08 23:00:00,27465.254
2018-11-09 00:00:00,25519.955
2018-11-09 01:00:00,24189.93
2018-11-09 02:00:00,23266.863
2018-11-09 03:00:00,23011.322
2018-11-09 04:00:00,23011.322
2018-11-09 05:00:00,23505.895
2018-11-09 06:00:00,25353.979
2018-11-09 07:00:00,27655.625
2018-11-09 08:00:00,29489.01
2018-11-09 09:00:00,30019.264
2018-11-09 10:00:00,30131.99
2018-11-09 11:00:00,30206.014
2018-11-09 12:00:00,30172.82
2018-11-09 13:00:00,29696.879
2018-11-09 14:00:00,29751.898
2018-11-09 15:00:00,29802.645
2018-11-09 16:00:00,30306.79
2018-11-09 17:00:00,31408.01
2018-11-09 18:00:00,32544.736
2018-11-09 19:00:00,32437.697
2018-11-09 20:00:00,32279.3
2018-11-09 21:00:00,31929.027
2018-11-09 22:00:00,31107.615
2018-11-09 23:00:00,30090.816
2018-11-10 00:00:00,26964.193
2018-11-10 01:00:00,26092.264
2018-11-10 02:00:00,25593.783
2018-11-10 03:00:00,25309.488
2018-11-10 04:00:00,25309.488
2018-11-10 05:00:00,25550.365
2018-11-10 06:00:00,26089.879
2018-11-10 07:00:00,27402.307
2018-11-10 08:00:00,29307.752
2018-11-10 09:00:00,29801.914
2018-11-10 10:00:00,29862.025
2018-11-10 11:00:00,29656.656
2018-11-10 12:00:00,28890.11
2018-11-10 13:00:00,28241.621
2018-11-10 14:00:00,27986.09
2018-11-10 15:00:00,27860.217
2018-11-10 16:00:00,28580.377
2018-11-10 17:00:00,29676.102
2018-11-10 18:00:00,31298.422
2018-11-10 19:00:00,31468.14
2018-11-10 20:00:00,31298.422
2018-11-10 21:00:00,31149.662
2018-11-10 22:00:00,30329.709
2018-11-10 23:00:00,28906.707
2018-11-11 00:00:00,26876.525
2018-11-11 01:00:00,25899.557
2018-11-11 02:00:00,25297.64
2018-11-11 03:00:00,25123.79
2018-11-11 04:00:00,25076.275
2018-11-11 05:00:00,25123.79
2018-11-11 06:00:00,25551.107
2018-11-11 07:00:00,26640.975
2018-11-11 08:00:00,27885.402
2018-11-11 09:00:00,28563.125
2018-11-11 10:00:00,28479.607
2018-11-11 11:00:00,27948.354
2018-11-11 12:00:00,27694.95
2018-11-11 13:00:00,26697.215
2018-11-11 14:00:00,26585.81
2018-11-11 15:00:00,26584.363
2018-11-11 16:00:00,27363.828
2018-11-11 17:00:00,28713.049
2018-11-11 18:00:00,31025.041
2018-11-11 19:00:00,31126.178
2018-11-11 20:00:00,31025.041
2018-11-11 21:00:00,30379.508
2018-11-11 22:00:00,28991.537
2018-11-11 23:00:00,27489.818
2018-11-12 00:00:00,25749.197
2018-11-12 01:00:00,24447.324
2018-11-12 02:00:00,24095.533
2018-11-12 03:00:00,23880.67
2018-11-12 04:00:00,24159.3
2018-11-12 05:00:00,24658.695
2018-11-12 06:00:00,26627.604
2018-11-12 07:00:00,28950.953
2018-11-12 08:00:00,31336.885
2018-11-12 09:00:00,31627.635
2018-11-12 10:00:00,31521.762
2018-11-12 11:00:00,31264.553
2018-11-12 12:00:00,30954.93
2018-11-12 13:00:00,30929.695
2018-11-12 14:00:00,30904.13
2018-11-12 15:00:00,30696.383
2018-11-12 16:00:00,30811.91
2018-11-12 17:00:00,31693.307
2018-11-12 18:00:00,32801.293
2018-11-12 19:00:00,32731.9
2018-11-12 20:00:00,32356.285
2018-11-12 21:00:00,31908.014
2018-11-12 22:00:00,30753.752
2018-11-12 23:00:00,28899.076
2018-11-13 00:00:00,26082.613
2018-11-13 01:00:00,24926.719
2018-11-13 02:00:00,24073.139
2018-11-13 03:00:00,24026.37
2018-11-13 04:00:00,24073.139
2018-11-13 05:00:00,24724.924
2018-11-13 06:00:00,26647.36
2018-11-13 07:00:00,29472.03
2018-11-13 08:00:00,31177.67
2018-11-13 09:00:00,31480.078
2018-11-13 10:00:00,31319.904
2018-11-13 11:00:00,31147.695
2018-11-13 12:00:00,30547.234
2018-11-13 13:00:00,30376.623
2018-11-13 14:00:00,30600.54
2018-11-13 15:00:00,30532.844
2018-11-13 16:00:00,30720.47
2018-11-13 17:00:00,31807.883
2018-11-13 18:00:00,32979.496
2018-11-13 19:00:00,32923.07
2018-11-13 20:00:00,32602.832
2018-11-13 21:00:00,31915.678
2018-11-13 22:00:00,31013.473
2018-11-13 23:00:00,28976.191
2018-11-14 00:00:00,26460.373
2018-11-14 01:00:00,24938.848
2018-11-14 02:00:00,24492.283
2018-11-14 03:00:00,24136.352
2018-11-14 04:00:00,24136.352
2018-11-14 05:00:00,25274.238
2018-11-14 06:00:00,26870.395
2018-11-14 07:00:00,29966.143
2018-11-14 08:00:00,31400.164
2018-11-14 09:00:00,31515.414
2018-11-14 10:00:00,31102.266
2018-11-14 11:00:00,30835.25
2018-11-14 12:00:00,30336.848
2018-11-14 13:00:00,30193.945
2018-11-14 14:00:00,30341.37
2018-11-14 15:00:00,30339.922
2018-11-14 16:00:00,30692.555
2018-11-14 17:00:00,31606.959
2018-11-14 18:00:00,32749.533
2018-11-14 19:00:00,32443.309
2018-11-14 20:00:00,32314.098
2018-11-14 21:00:00,31700.865
2018-11-14 22:00:00,30183.68
2018-11-14 23:00:00,27981.07
2018-11-15 00:00:00,25510.867
2018-11-15 01:00:00,24106.666
2018-11-15 02:00:00,23315.31
2018-11-15 03:00:00,23067.678
2018-11-15 04:00:00,23067.678
2018-11-15 05:00:00,23627.264
2018-11-15 06:00:00,25503.086
2018-11-15 07:00:00,27940.62
2018-11-15 08:00:00,30308.965
2018-11-15 09:00:00,30404.65
2018-11-15 10:00:00,30249.64
2018-11-15 11:00:00,30235.098
2018-11-15 12:00:00,29782.541
2018-11-15 13:00:00,29783.836
2018-11-15 14:00:00,29815.07
2018-11-15 15:00:00,29776.746
2018-11-15 16:00:00,30359.615
2018-11-15 17:00:00,31140.03
2018-11-15 18:00:00,32469.102
2018-11-15 19:00:00,32362.852
2018-11-15 20:00:00,32271.992
2018-11-15 21:00:00,31700.865
2018-11-15 22:00:00,30396.777
2018-11-15 23:00:00,28294.041
2018-11-16 00:00:00,25880.953
2018-11-16 01:00:00,24479.916
2018-11-16 02:00:00,23880.67
2018-11-16 03:00:00,23561.953
2018-11-16 04:00:00,23561.953
2018-11-16 05:00:00,24337.64
2018-11-16 06:00:00,26110.826
2018-11-16 07:00:00,28567.332
2018-11-16 08:00:00,30699.217
2018-11-16 09:00:00,30905.508
2018-11-16 10:00:00,30419.73
2018-11-16 11:00:00,30006.754
2018-11-16 12:00:00,29613.498
2018-11-16 13:00:00,29117.867
2018-11-16 14:00:00,29007.406
2018-11-16 15:00:00,28974.787
2018-11-16 16:00:00,29557.387
2018-11-16 17:00:00,30776.207
2018-11-16 18:00:00,32062.412
2018-11-16 19:00:00,32062.412
2018-11-16 20:00:00,31703.39
2018-11-16 21:00:00,31508.736
2018-11-16 22:00:00,30460.78
2018-11-16 23:00:00,29060.037
2018-11-17 00:00:00,26396.002
2018-11-17 01:00:00,25334.445
2018-11-17 02:00:00,24474.393
2018-11-17 03:00:00,24239.738
2018-11-17 04:00:00,24164.326
2018-11-17 05:00:00,24444.26
2018-11-17 06:00:00,25282.531
2018-11-17 07:00:00,26423.568
2018-11-17 08:00:00,28184.066
2018-11-17 09:00:00,29012.324
2018-11-17 10:00:00,29148.691
2018-11-17 11:00:00,28953.967
2018-11-17 12:00:00,28538.076
2018-11-17 13:00:00,28459.65
2018-11-17 14:00:00,27989.271
2018-11-17 15:00:00,27987.824
2018-11-17 16:00:00,28240.229
2018-11-17 17:00:00,29227.072
2018-11-17 18:00:00,30696.254
2018-11-17 19:00:00,30579.55
2018-11-17 20:00:00,29849.67
2018-11-17 21:00:00,28947.525
2018-11-17 22:00:00,27645.209
2018-11-17 23:00:00,26379.992
2018-11-18 00:00:00,25274.135
2018-11-18 01:00:00,23761.502
2018-11-18 02:00:00,22564.447
2018-11-18 03:00:00,22361.748
2018-11-18 04:00:00,22197.57
2018-11-18 05:00:00,22235.184
2018-11-18 06:00:00,22850.475
2018-11-18 07:00:00,23934.697
2018-11-18 08:00:00,24585.592
2018-11-18 09:00:00,25811.926
2018-11-18 10:00:00,26271.184
2018-11-18 11:00:00,26595.795
2018-11-18 12:00:00,26618.277
2018-11-18 13:00:00,26698.6
2018-11-18 14:00:00,26916.354
2018-11-18 15:00:00,27239.312
2018-11-18 16:00:00,28272.691
2018-11-18 17:00:00,29958.28
2018-11-18 18:00:00,31672.93
2018-11-18 19:00:00,31757.639
2018-11-18 20:00:00,31652.809
2018-11-18 21:00:00,31319.578
2018-11-18 22:00:00,30149.326
2018-11-18 23:00:00,28165.521
2018-11-19 00:00:00,26855.195
2018-11-19 01:00:00,25975.09
2018-11-19 02:00:00,25384.46
2018-11-19 03:00:00,25031.02
2018-11-19 04:00:00,25384.46
2018-11-19 05:00:00,26105.809
2018-11-19 06:00:00,27483.688
2018-11-19 07:00:00,29994.068
2018-11-19 08:00:00,32527.324
2018-11-19 09:00:00,32391.475
2018-11-19 10:00:00,32083.9
2018-11-19 11:00:00,31955.428
2018-11-19 12:00:00,31765.354
2018-11-19 13:00:00,31355.205
2018-11-19 14:00:00,31366.893
2018-11-19 15:00:00,31106.22
2018-11-19 16:00:00,31720.629
2018-11-19 17:00:00,32615.34
2018-11-19 18:00:00,34995.96
2018-11-19 19:00:00,35046.867
2018-11-19 20:00:00,34688.832
2018-11-19 21:00:00,33939.92
2018-11-19 22:00:00,32624.654
2018-11-19 23:00:00,30981.975
2018-11-20 00:00:00,27695.326
2018-11-20 01:00:00,26914.158
2018-11-20 02:00:00,26445.996
2018-11-20 03:00:00,26286.83
2018-11-20 04:00:00,26331.87
2018-11-20 05:00:00,26789.557
2018-11-20 06:00:00,27777.188
2018-11-20 07:00:00,30989.756
2018-11-20 08:00:00,32908.082
2018-11-20 09:00:00,32509.443
2018-11-20 10:00:00,31794.336
2018-11-20 11:00:00,31464.775
2018-11-20 12:00:00,31044.725
2018-11-20 13:00:00,30709.467
2018-11-20 14:00:00,30563.475
2018-11-20 15:00:00,30543.932
2018-11-20 16:00:00,30967.275
2018-11-20 17:00:00,31891.502
2018-11-20 18:00:00,33436.97
2018-11-20 19:00:00,33436.97
2018-11-20 20:00:00,33076.496
2018-11-20 21:00:00,32304.576
2018-11-20 22:00:00,31504.545
2018-11-20 23:00:00,29212.873
2018-11-21 00:00:00,27126.357
2018-11-21 01:00:00,26191.857
2018-11-21 02:00:00,25520.014
2018-11-21 03:00:00,25321.291
2018-11-21 04:00:00,25309.111
2018-11-21 05:00:00,25758.6
2018-11-21 06:00:00,27042.771
2018-11-21 07:00:00,29829.414
2018-11-21 08:00:00,31433.957
2018-11-21 09:00:00,31776.904
2018-11-21 10:00:00,31680.53
2018-11-21 11:00:00,31545.066
2018-11-21 12:00:00,31069.818
2018-11-21 13:00:00,30446.434
2018-11-21 14:00:00,30516.77
2018-11-21 15:00:00,30341.492
2018-11-21 16:00:00,30850.055
2018-11-21 17:00:00,31776.148
2018-11-21 18:00:00,32961.496
2018-11-21 19:00:00,32932.87
2018-11-21 20:00:00,32547.188
2018-11-21 21:00:00,32119.75
2018-11-21 22:00:00,31227.098
2018-11-21 23:00:00,29537.934
2018-11-22 00:00:00,27153.314
2018-11-22 01:00:00,25830.932
2018-11-22 02:00:00,24824.82
2018-11-22 03:00:00,24677.557
2018-11-22 04:00:00,24677.557
2018-11-22 05:00:00,24810.748
2018-11-22 06:00:00,25748.115
2018-11-22 07:00:00,27049.771
2018-11-22 08:00:00,28434.871
2018-11-22 09:00:00,29240.943
2018-11-22 10:00:00,29496.115
2018-11-22 11:00:00,29569.055
2018-11-22 12:00:00,29523.273
2018-11-22 13:00:00,28802.887
2018-11-22 14:00:00,27726.469
2018-11-22 15:00:00,27249.217
2018-11-22 16:00:00,26867.506
2018-11-22 17:00:00,27185.326
2018-11-22 18:00:00,28452.201
2018-11-22 19:00:00,28309.35
2018-11-22 20:00:00,28245.393
2018-11-22 21:00:00,28471.732
2018-11-22 22:00:00,28062.586
2018-11-22 23:00:00,27322.795
2018-11-23 00:00:00,25633.111
2018-11-23 01:00:00,24524.146
2018-11-23 02:00:00,24031.875
2018-11-23 03:00:00,24004.209
2018-11-23 04:00:00,24031.875
2018-11-23 05:00:00,24737.518
2018-11-23 06:00:00,25810.252
2018-11-23 07:00:00,27158.62
2018-11-23 08:00:00,28721.27
2018-11-23 09:00:00,29205.928
2018-11-23 10:00:00,28731.684
2018-11-23 11:00:00,28197.383
2018-11-23 12:00:00,27612.031
2018-11-23 13:00:00,27107.996
2018-11-23 14:00:00,26841.469
2018-11-23 15:00:00,26810.37
2018-11-23 16:00:00,27208.139
2018-11-23 17:00:00,28780.678
2018-11-23 18:00:00,30933.707
2018-11-23 19:00:00,30625.54
2018-11-23 20:00:00,30121.541
2018-11-23 21:00:00,29666.195
2018-11-23 22:00:00,28619.426
2018-11-23 23:00:00,26937.418
2018-11-24 00:00:00,25259.207
2018-11-24 01:00:00,24067.006
2018-11-24 02:00:00,23444.182
2018-11-24 03:00:00,23238.15
2018-11-24 04:00:00,23210.07
2018-11-24 05:00:00,23433.062
2018-11-24 06:00:00,23844.916
2018-11-24 07:00:00,24918.693
2018-11-24 08:00:00,26192.74
2018-11-24 09:00:00,27165.22
2018-11-24 10:00:00,27138.703
2018-11-24 11:00:00,27034.6
2018-11-24 12:00:00,26521.059
2018-11-24 13:00:00,26248.318
2018-11-24 14:00:00,26223.766
2018-11-24 15:00:00,26222.318
2018-11-24 16:00:00,26382.701
2018-11-24 17:00:00,27849.516
2018-11-24 18:00:00,29503.473
2018-11-24 19:00:00,29314.803
2018-11-24 20:00:00,29157.146
2018-11-24 21:00:00,28682.723
2018-11-24 22:00:00,27612.959
2018-11-24 23:00:00,26141.74
2018-11-25 00:00:00,25372.521
2018-11-25 01:00:00,23858.488
2018-11-25 02:00:00,22791.58
2018-11-25 03:00:00,22640.799
2018-11-25 04:00:00,22615.47
2018-11-25 05:00:00,22673.393
2018-11-25 06:00:00,23333.697
2018-11-25 07:00:00,24269.324
2018-11-25 08:00:00,25136.182
2018-11-25 09:00:00,25601.41
2018-11-25 10:00:00,26178.824
2018-11-25 11:00:00,26152.06
2018-11-25 12:00:00,26044.363
2018-11-25 13:00:00,26130.393
2018-11-25 14:00:00,26273.264
2018-11-25 15:00:00,26303.188
2018-11-25 16:00:00,26692.295
2018-11-25 17:00:00,29035.006
2018-11-25 18:00:00,31329.799
2018-11-25 19:00:00,31533.77
2018-11-25 20:00:00,31375.482
2018-11-25 21:00:00,31118.406
2018-11-25 22:00:00,30182.633
2018-11-25 23:00:00,28266.553
2018-11-26 00:00:00,26559.98
2018-11-26 01:00:00,25441.855
2018-11-26 02:00:00,24942.326
2018-11-26 03:00:00,24719.334
2018-11-26 04:00:00,24867.64
2018-11-26 05:00:00,25690.482
2018-11-26 06:00:00,27151.793
2018-11-26 07:00:00,29562.672
2018-11-26 08:00:00,31757.996
2018-11-26 09:00:00,31646.795
2018-11-26 10:00:00,31361.23
2018-11-26 11:00:00,30918.61
2018-11-26 12:00:00,30617.465
2018-11-26 13:00:00,30245.232
2018-11-26 14:00:00,30223.145
2018-11-26 15:00:00,30221.697
2018-11-26 16:00:00,30618.17
2018-11-26 17:00:00,31847.54
2018-11-26 18:00:00,33729.656
2018-11-26 19:00:00,33517.55
2018-11-26 20:00:00,33438.633
2018-11-26 21:00:00,32555.793
2018-11-26 22:00:00,31409.23
2018-11-26 23:00:00,29441.867
2018-11-27 00:00:00,26905.588
2018-11-27 01:00:00,25459.58
2018-11-27 02:00:00,24630.22
2018-11-27 03:00:00,24382.303
2018-11-27 04:00:00,24392.85
2018-11-27 05:00:00,24879.121
2018-11-27 06:00:00,26938.496
2018-11-27 07:00:00,29750.61
2018-11-27 08:00:00,31550.736
2018-11-27 09:00:00,31785.656
2018-11-27 10:00:00,31496.326
2018-11-27 11:00:00,31318.22
2018-11-27 12:00:00,31096.742
2018-11-27 13:00:00,30638.832
2018-11-27 14:00:00,30455.62
2018-11-27 15:00:00,30379.197
2018-11-27 16:00:00,30640.516
2018-11-27 17:00:00,31794.117
2018-11-27 18:00:00,33342.387
2018-11-27 19:00:00,33364.152
2018-11-27 20:00:00,32831.86
2018-11-27 21:00:00,32181.93
2018-11-27 22:00:00,30766.42
2018-11-27 23:00:00,28543.158
2018-11-28 00:00:00,25948.635
2018-11-28 01:00:00,24212.34
2018-11-28 02:00:00,23568.96
2018-11-28 03:00:00,23171.66
2018-11-28 04:00:00,23134.795
2018-11-28 05:00:00,23822.367
2018-11-28 06:00:00,25928.838
2018-11-28 07:00:00,28167.34
2018-11-28 08:00:00,30676.635
2018-11-28 09:00:00,31020.205
2018-11-28 10:00:00,30625.438
2018-11-28 11:00:00,30247.826
2018-11-28 12:00:00,30084.6
2018-11-28 13:00:00,29884.18
2018-11-28 14:00:00,29991.393
2018-11-28 15:00:00,30056.12
2018-11-28 16:00:00,30204.957
2018-11-28 17:00:00,31564.537
2018-11-28 18:00:00,32941.418
2018-11-28 19:00:00,32785.566
2018-11-28 20:00:00,32275.762
2018-11-28 21:00:00,31840.22
2018-11-28 22:00:00,30602.9
2018-11-28 23:00:00,28408.996
2018-11-29 00:00:00,26111.186
2018-11-29 01:00:00,24485.307
2018-11-29 02:00:00,23598.453
2018-11-29 03:00:00,23466.322
2018-11-29 04:00:00,23494.402
2018-11-29 05:00:00,24333.914
2018-11-29 06:00:00,26147.84
2018-11-29 07:00:00,28866.758
2018-11-29 08:00:00,31284.254
2018-11-29 09:00:00,31506.912
2018-11-29 10:00:00,31398.957
2018-11-29 11:00:00,31127.018
2018-11-29 12:00:00,30754.693
2018-11-29 13:00:00,30347.012
2018-11-29 14:00:00,30431.914
2018-11-29 15:00:00,30255.438
2018-11-29 16:00:00,30729.016
2018-11-29 17:00:00,31840.805
2018-11-29 18:00:00,33465.957
2018-11-29 19:00:00,33517.55
2018-11-29 20:00:00,33325.43
2018-11-29 21:00:00,32549.168
2018-11-29 22:00:00,31443.525
2018-11-29 23:00:00,29431.523
2018-11-30 00:00:00,26948.771
2018-11-30 01:00:00,25529.285
2018-11-30 02:00:00,24603.059
2018-11-30 03:00:00,24119.541
2018-11-30 04:00:00,24382.662
2018-11-30 05:00:00,25260.906
2018-11-30 06:00:00,26981.379
2018-11-30 07:00:00,29126.342
2018-11-30 08:00:00,31215.568
2018-11-30 09:00:00,31444.422
2018-11-30 10:00:00,31108.627
2018-11-30 11:00:00,30614.229
2018-11-30 12:00:00,30029.2
2018-11-30 13:00:00,29592.457
2018-11-30 14:00:00,29459.666
2018-11-30 15:00:00,29560.45
2018-11-30 16:00:00,29836.463
2018-11-30 17:00:00,31288.71
2018-11-30 18:00:00,32918.203
2018-11-30 19:00:00,32918.203
2018-11-30 20:00:00,32527.861
2018-11-30 21:00:00,32105.068
2018-11-30 22:00:00,31470.78
2018-11-30 23:00:00,30134.986
2018-12-01 00:00:00,27431.074
2018-12-01 01:00:00,26210.342
2018-12-01 02:00:00,25515.457
2018-12-01 03:00:00,25120.857
2018-12-01 04:00:00,25120.857
2018-12-01 05:00:00,25350.865
2018-12-01 06:00:00,26332.924
2018-12-01 07:00:00,27400.426
2018-12-01 08:00:00,29179.766
2018-12-01 09:00:00,29951.604
2018-12-01 10:00:00,29746.092
2018-12-01 11:00:00,28880.883
2018-12-01 12:00:00,28402.23
2018-12-01 13:00:00,27517.828
2018-12-01 14:00:00,27490.725
2018-12-01 15:00:00,27390.941
2018-12-01 16:00:00,27692.086
2018-12-01 17:00:00,29607.06
2018-12-01 18:00:00,31404.299
2018-12-01 19:00:00,31533.77
2018-12-01 20:00:00,31488.086
2018-12-01 21:00:00,30997.377
2018-12-01 22:00:00,30580.854
2018-12-01 23:00:00,29149.637
2018-12-02 00:00:00,27269.5
2018-12-02 01:00:00,25883.66
2018-12-02 02:00:00,25053.63
2018-12-02 03:00:00,24935.502
2018-12-02 04:00:00,24715.26
2018-12-02 05:00:00,24759.508
2018-12-02 06:00:00,25425.586
2018-12-02 07:00:00,26287.139
2018-12-02 08:00:00,27389.094
2018-12-02 09:00:00,28235.531
2018-12-02 10:00:00,28593.484
2018-12-02 11:00:00,28242.71
2018-12-02 12:00:00,27523.697
2018-12-02 13:00:00,27231.168
2018-12-02 14:00:00,27168.994
2018-12-02 15:00:00,27167.547
2018-12-02 16:00:00,27447.223
2018-12-02 17:00:00,29726.965
2018-12-02 18:00:00,31836.744
2018-12-02 19:00:00,32091.865
2018-12-02 20:00:00,31996.475
2018-12-02 21:00:00,31835.795
2018-12-02 22:00:00,30870.69
2018-12-02 23:00:00,29276.77
2018-12-03 00:00:00,27163.127
2018-12-03 01:00:00,25874.043
2018-12-03 02:00:00,25371.02
2018-12-03 03:00:00,25181.088
2018-12-03 04:00:00,25386.34
2018-12-03 05:00:00,26381.56
2018-12-03 06:00:00,27547.3
2018-12-03 07:00:00,31158.096
2018-12-03 08:00:00,32997.195
2018-12-03 09:00:00,32919.4
2018-12-03 10:00:00,32224.332
2018-12-03 11:00:00,31984.963
2018-12-03 12:00:00,31347.441
2018-12-03 13:00:00,31108.275
2018-12-03 14:00:00,30845.15
2018-12-03 15:00:00,30843.703
2018-12-03 16:00:00,31298.725
2018-12-03 17:00:00,32403.477
2018-12-03 18:00:00,34040.75
2018-12-03 19:00:00,34068.074
2018-12-03 20:00:00,33889.15
2018-12-03 21:00:00,33255.883
2018-12-03 22:00:00,32177.29
2018-12-03 23:00:00,30339.643
2018-12-04 00:00:00,27344.287
2018-12-04 01:00:00,26077.938
2018-12-04 02:00:00,25350.762
2018-12-04 03:00:00,24968.076
2018-12-04 04:00:00,24968.076
2018-12-04 05:00:00,25862.014
2018-12-04 06:00:00,27254.025
2018-12-04 07:00:00,29526.365
2018-12-04 08:00:00,31821.82
2018-12-04 09:00:00,31808.531
2018-12-04 10:00:00,31848.102
2018-12-04 11:00:00,31837.387
2018-12-04 12:00:00,31653.55
2018-12-04 13:00:00,31325.975
2018-12-04 14:00:00,31529.46
2018-12-04 15:00:00,31528.014
2018-12-04 16:00:00,31794.03
2018-12-04 17:00:00,32996.418
2018-12-04 18:00:00,34673.613
2018-12-04 19:00:00,34448.617
2018-12-04 20:00:00,34123.34
2018-12-04 21:00:00,33033.363
2018-12-04 22:00:00,31782.541
2018-12-04 23:00:00,29403.637
2018-12-05 00:00:00,27028.889
2018-12-05 01:00:00,25759.236
2018-12-05 02:00:00,25023.244
2018-12-05 03:00:00,24557.234
2018-12-05 04:00:00,24714.793
2018-12-05 05:00:00,25419.61
2018-12-05 06:00:00,27129.488
2018-12-05 07:00:00,29531.805
2018-12-05 08:00:00,32327.2
2018-12-05 09:00:00,32288.484
2018-12-05 10:00:00,32204.336
2018-12-05 11:00:00,32007.078
2018-12-05 12:00:00,31718.459
2018-12-05 13:00:00,31446.838
2018-12-05 14:00:00,31359.535
2018-12-05 15:00:00,31443.766
2018-12-05 16:00:00,31837.77
2018-12-05 17:00:00,33022.3
2018-12-05 18:00:00,34721.617
2018-12-05 19:00:00,34715.707
2018-12-05 20:00:00,34240.79
2018-12-05 21:00:00,33568.73
2018-12-05 22:00:00,32614.86
2018-12-05 23:00:00,30939.826
2018-12-06 00:00:00,27496.367
2018-12-06 01:00:00,26435.115
2018-12-06 02:00:00,25868.107
2018-12-06 03:00:00,25656.754
2018-12-06 04:00:00,25656.754
2018-12-06 05:00:00,26034.93
2018-12-06 06:00:00,27350.395
2018-12-06 07:00:00,31233.557
2018-12-06 08:00:00,32550.414
2018-12-06 09:00:00,32345.025
2018-12-06 10:00:00,32269.316
2018-12-06 11:00:00,32093.363
2018-12-06 12:00:00,31718.18
2018-12-06 13:00:00,31366.7
2018-12-06 14:00:00,31356.049
2018-12-06 15:00:00,31427.176
2018-12-06 16:00:00,31673.63
2018-12-06 17:00:00,32678.87
2018-12-06 18:00:00,34555.273
2018-12-06 19:00:00,34671.066
2018-12-06 20:00:00,34417.348
2018-12-06 21:00:00,33832.914
2018-12-06 22:00:00,33111.992
2018-12-06 23:00:00,31388.623
2018-12-07 00:00:00,27519.074
2018-12-07 01:00:00,26635.469
2018-12-07 02:00:00,26247.229
2018-12-07 03:00:00,26126.096
2018-12-07 04:00:00,26126.096
2018-12-07 05:00:00,26504.111
2018-12-07 06:00:00,27510.367
2018-12-07 07:00:00,31755.457
2018-12-07 08:00:00,33164.21
2018-12-07 09:00:00,33067.086
2018-12-07 10:00:00,32816.535
2018-12-07 11:00:00,32669.334
2018-12-07 12:00:00,32375.746
2018-12-07 13:00:00,32324.959
2018-12-07 14:00:00,32432.172
2018-12-07 15:00:00,32430.725
2018-12-07 16:00:00,32608.459
2018-12-07 17:00:00,33728.902
2018-12-07 18:00:00,34825.207
2018-12-07 19:00:00,34492.58
2018-12-07 20:00:00,34143.355
2018-12-07 21:00:00,33677.574
2018-12-07 22:00:00,33118.39
2018-12-07 23:00:00,31849.523
2018-12-08 00:00:00,28337.252
2018-12-08 01:00:00,27665.066
2018-12-08 02:00:00,27056.832
2018-12-08 03:00:00,26843.832
2018-12-08 04:00:00,26722.7
2018-12-08 05:00:00,26843.832
2018-12-08 06:00:00,27205.05
2018-12-08 07:00:00,28626.805
2018-12-08 08:00:00,30415.723
2018-12-08 09:00:00,31740.982
2018-12-08 10:00:00,32236.932
2018-12-08 11:00:00,32457.365
2018-12-08 12:00:00,32313.697
2018-12-08 13:00:00,32261.004
2018-12-08 14:00:00,32330.234
2018-12-08 15:00:00,32328.787
2018-12-08 16:00:00,32342.084
2018-12-08 17:00:00,33448.16
2018-12-08 18:00:00,34554.63
2018-12-08 19:00:00,34621.555
2018-12-08 20:00:00,34367.418
2018-12-08 21:00:00,33972.16
2018-12-08 22:00:00,33251.81
2018-12-08 23:00:00,32412.004
2018-12-09 00:00:00,28464.498
2018-12-09 01:00:00,27666.336
2018-12-09 02:00:00,27249.742
2018-12-09 03:00:00,27118.574
2018-12-09 04:00:00,26979.137
2018-12-09 05:00:00,27123.336
2018-12-09 06:00:00,27276.83
2018-12-09 07:00:00,28325.672
2018-12-09 08:00:00,30295.898
2018-12-09 09:00:00,31140.475
2018-12-09 10:00:00,31799.197
2018-12-09 11:00:00,31984.36
2018-12-09 12:00:00,31790.627
2018-12-09 13:00:00,31566.342
2018-12-09 14:00:00,31626.139
2018-12-09 15:00:00,31624.691
2018-12-09 16:00:00,31950.273
2018-12-09 17:00:00,33076.188
2018-12-09 18:00:00,34522.035
2018-12-09 19:00:00,34587.28
2018-12-09 20:00:00,34503.223
2018-12-09 21:00:00,34046.207
2018-12-09 22:00:00,33014.805
2018-12-09 23:00:00,31538.29
2018-12-10 00:00:00,28295.24
2018-12-10 01:00:00,27160.928
2018-12-10 02:00:00,26742.531
2018-12-10 03:00:00,26611.672
2018-12-10 04:00:00,26681.922
2018-12-10 05:00:00,26967.07
2018-12-10 06:00:00,28194.611
2018-12-10 07:00:00,31847.453
2018-12-10 08:00:00,33495.43
2018-12-10 09:00:00,33523.316
2018-12-10 10:00:00,33470.82
2018-12-10 11:00:00,33318.89
2018-12-10 12:00:00,33197.836
2018-12-10 13:00:00,33053.055
2018-12-10 14:00:00,33161.36
2018-12-10 15:00:00,32973.26
2018-12-10 16:00:00,33131.527
2018-12-10 17:00:00,33993.176
2018-12-10 18:00:00,35752.25
2018-12-10 19:00:00,35752.25
2018-12-10 20:00:00,35575.69
2018-12-10 21:00:00,35088.004
2018-12-10 22:00:00,33691.703
2018-12-10 23:00:00,32231.832
2018-12-11 00:00:00,28305.97
2018-12-11 01:00:00,27354.1
2018-12-11 02:00:00,26672.281
2018-12-11 03:00:00,26549.492
2018-12-11 04:00:00,26460.85
2018-12-11 05:00:00,26770.639
2018-12-11 06:00:00,28153.014
2018-12-11 07:00:00,32112.922
2018-12-11 08:00:00,33414.793
2018-12-11 09:00:00,33353.812
2018-12-11 10:00:00,33201.758
2018-12-11 11:00:00,33262.28
2018-12-11 12:00:00,33083.24
2018-12-11 13:00:00,32712.031
2018-12-11 14:00:00,32794.715
2018-12-11 15:00:00,32817.805
2018-12-11 16:00:00,33224.684
2018-12-11 17:00:00,34289.85
2018-12-11 18:00:00,36294.473
2018-12-11 19:00:00,36294.473
2018-12-11 20:00:00,36148.098
2018-12-11 21:00:00,35785.156
2018-12-11 22:00:00,34428.535
2018-12-11 23:00:00,32865.64
2018-12-12 00:00:00,30210.219
2018-12-12 01:00:00,28830.229
2018-12-12 02:00:00,27991.146
2018-12-12 03:00:00,27946.107
2018-12-12 04:00:00,28339.06
2018-12-12 05:00:00,29315.916
2018-12-12 06:00:00,31155.717
2018-12-12 07:00:00,34551.37
2018-12-12 08:00:00,35698.957
2018-12-12 09:00:00,36102.758
2018-12-12 10:00:00,34895.074
2018-12-12 11:00:00,34880.43
2018-12-12 12:00:00,34028.406
2018-12-12 13:00:00,33586.453
2018-12-12 14:00:00,33853.22
2018-12-12 15:00:00,33955.15
2018-12-12 16:00:00,34359.934
2018-12-12 17:00:00,35578.406
2018-12-12 18:00:00,37316.516
2018-12-12 19:00:00,37316.516
2018-12-12 20:00:00,36992.93
2018-12-12 21:00:00,37173.516
2018-12-12 22:00:00,35380.242
2018-12-12 23:00:00,33675.145
2018-12-13 00:00:00,30216.488
2018-12-13 01:00:00,28618.305
2018-12-13 02:00:00,28037.143
2018-12-13 03:00:00,27537.78
2018-12-13 04:00:00,27661.443
2018-12-13 05:00:00,28176.252
2018-12-13 06:00:00,30394.506
2018-12-13 07:00:00,33861.81
2018-12-13 08:00:00,34776.637
2018-12-13 09:00:00,34835.02
2018-12-13 10:00:00,34853.273
2018-12-13 11:00:00,34987.805
2018-12-13 12:00:00,34694.258
2018-12-13 13:00:00,34579.414
2018-12-13 14:00:00,34644.63
2018-12-13 15:00:00,34551.805
2018-12-13 16:00:00,35458.21
2018-12-13 17:00:00,37272.188
2018-12-13 18:00:00,39580.074
2018-12-13 19:00:00,38848.164
2018-12-13 20:00:00,39401.824
2018-12-13 21:00:00,39003.57
2018-12-13 22:00:00,37351.285
2018-12-13 23:00:00,35396.047
2018-12-14 00:00:00,32252.98
2018-12-14 01:00:00,31025.125
2018-12-14 02:00:00,29745.637
2018-12-14 03:00:00,29325.426
2018-12-14 04:00:00,29506.34
2018-12-14 05:00:00,30909.426
2018-12-14 06:00:00,33132.695
2018-12-14 07:00:00,36820.387
2018-12-14 08:00:00,38090.145
2018-12-14 09:00:00,38150.562
2018-12-14 10:00:00,37306.445
2018-12-14 11:00:00,37459.008
2018-12-14 12:00:00,36444.895
2018-12-14 13:00:00,35655.152
2018-12-14 14:00:00,35762.375
2018-12-14 15:00:00,35760.926
2018-12-14 16:00:00,35774.223
2018-12-14 17:00:00,38335.86
2018-12-14 18:00:00,38976.965
2018-12-14 19:00:00,38955.65
2018-12-14 20:00:00,38745.18
2018-12-14 21:00:00,38421.64
2018-12-14 22:00:00,36053.21
2018-12-14 23:00:00,34696.484
2018-12-15 00:00:00,32316.031
2018-12-15 01:00:00,30592.756
2018-12-15 02:00:00,29110.285
2018-12-15 03:00:00,28562.932
2018-12-15 04:00:00,28083.4
2018-12-15 05:00:00,28243.865
2018-12-15 06:00:00,29172.865
2018-12-15 07:00:00,31894.727
2018-12-15 08:00:00,32927.18
2018-12-15 09:00:00,33878.625
2018-12-15 10:00:00,34133.945
2018-12-15 11:00:00,34142.117
2018-12-15 12:00:00,33884.727
2018-12-15 13:00:00,33654.1
2018-12-15 14:00:00,33440.457
2018-12-15 15:00:00,32951.75
2018-12-15 16:00:00,32900.805
2018-12-15 17:00:00,34070.535
2018-12-15 18:00:00,35481.28
2018-12-15 19:00:00,35491.992
2018-12-15 20:00:00,35191.164
2018-12-15 21:00:00,34547.723
2018-12-15 22:00:00,33807.746
2018-12-15 23:00:00,32767.783
2018-12-16 00:00:00,28990.115
2018-12-16 01:00:00,28412.121
2018-12-16 02:00:00,27938.795
2018-12-16 03:00:00,27626.418
2018-12-16 04:00:00,27447.846
2018-12-16 05:00:00,27712.082
2018-12-16 06:00:00,27985.904
2018-12-16 07:00:00,28817.33
2018-12-16 08:00:00,30944.258
2018-12-16 09:00:00,31675.926
2018-12-16 10:00:00,31878.305
2018-12-16 11:00:00,31565.865
2018-12-16 12:00:00,31137.18
2018-12-16 13:00:00,30754.607
2018-12-16 14:00:00,30875.102
2018-12-16 15:00:00,30992.326
2018-12-16 16:00:00,31442.201
2018-12-16 17:00:00,32966.426
2018-12-16 18:00:00,34396.113
2018-12-16 19:00:00,34801.023
2018-12-16 20:00:00,34801.023
2018-12-16 21:00:00,34580.04
2018-12-16 22:00:00,33513.355
2018-12-16 23:00:00,32197.068
2018-12-17 00:00:00,28868.045
2018-12-17 01:00:00,28157.006
2018-12-17 02:00:00,27629.268
2018-12-17 03:00:00,27342.049
2018-12-17 04:00:00,27388.795
2018-12-17 05:00:00,27888.105
2018-12-17 06:00:00,28806.504
2018-12-17 07:00:00,33289.465
2018-12-17 08:00:00,34920.977
2018-12-17 09:00:00,34840.074
2018-12-17 10:00:00,34564.32
2018-12-17 11:00:00,34320.707
2018-12-17 12:00:00,33661.49
2018-12-17 13:00:00,33032.3
2018-12-17 14:00:00,33062.64
2018-12-17 15:00:00,33064.867
2018-12-17 16:00:00,33322.684
2018-12-17 17:00:00,34887.562
2018-12-17 18:00:00,36779.934
2018-12-17 19:00:00,36717.63
2018-12-17 20:00:00,36583.223
2018-12-17 21:00:00,35846.027
2018-12-17 22:00:00,34235.1
2018-12-17 23:00:00,32645.547
2018-12-18 00:00:00,29552.469
2018-12-18 01:00:00,27510.031
2018-12-18 02:00:00,27106.559
2018-12-18 03:00:00,26773.568
2018-12-18 04:00:00,26747.969
2018-12-18 05:00:00,28177.69
2018-12-18 06:00:00,29374.953
2018-12-18 07:00:00,31659.121
2018-12-18 08:00:00,34707.78
2018-12-18 09:00:00,34533.637
2018-12-18 10:00:00,33741.848
2018-12-18 11:00:00,33129.72
2018-12-18 12:00:00,32712.346
2018-12-18 13:00:00,32247.795
2018-12-18 14:00:00,32253.008
2018-12-18 15:00:00,32251.56
2018-12-18 16:00:00,32400.102
2018-12-18 17:00:00,33680.848
2018-12-18 18:00:00,35846.027
2018-12-18 19:00:00,36183.05
2018-12-18 20:00:00,35659.98
2018-12-18 21:00:00,35289.156
2018-12-18 22:00:00,33883.324
2018-12-18 23:00:00,32000.441
2018-12-19 00:00:00,29209.953
2018-12-19 01:00:00,27288.143
2018-12-19 02:00:00,26562.36
2018-12-19 03:00:00,26304.906
2018-12-19 04:00:00,26304.906
2018-12-19 05:00:00,26747.969
2018-12-19 06:00:00,28863.465
2018-12-19 07:00:00,31108.527
2018-12-19 08:00:00,33554.26
2018-12-19 09:00:00,33690.742
2018-12-19 10:00:00,33726.16
2018-12-19 11:00:00,33828.566
2018-12-19 12:00:00,33394.086
2018-12-19 13:00:00,32993.03
2018-12-19 14:00:00,32905.215
2018-12-19 15:00:00,32887.23
2018-12-19 16:00:00,33006.44
2018-12-19 17:00:00,34194.418
2018-12-19 18:00:00,35685.34
2018-12-19 19:00:00,35592.008
2018-12-19 20:00:00,35327.285
2018-12-19 21:00:00,34906.77
2018-12-19 22:00:00,34201.902
2018-12-19 23:00:00,32945.89
2018-12-20 00:00:00,28652.18
2018-12-20 01:00:00,27948.43
2018-12-20 02:00:00,27248.67
2018-12-20 03:00:00,27184.324
2018-12-20 04:00:00,27065.422
2018-12-20 05:00:00,27477.115
2018-12-20 06:00:00,28019.834
2018-12-20 07:00:00,32620.488
2018-12-20 08:00:00,34036.29
2018-12-20 09:00:00,33679.88
2018-12-20 10:00:00,33296.203
2018-12-20 11:00:00,33183.65
2018-12-20 12:00:00,32834.77
2018-12-20 13:00:00,32190.51
2018-12-20 14:00:00,31935.203
2018-12-20 15:00:00,31933.756
2018-12-20 16:00:00,32369.123
2018-12-20 17:00:00,33476.56
2018-12-20 18:00:00,35059.703
2018-12-20 19:00:00,35079.297
2018-12-20 20:00:00,34815.67
2018-12-20 21:00:00,34623.523
2018-12-20 22:00:00,33455.465
2018-12-20 23:00:00,32209.889
2018-12-21 00:00:00,28531.361
2018-12-21 01:00:00,27469.63
2018-12-21 02:00:00,26938.963
2018-12-21 03:00:00,26766.645
2018-12-21 04:00:00,26794.766
2018-12-21 05:00:00,27060.664
2018-12-21 06:00:00,27802.113
2018-12-21 07:00:00,31059.197
2018-12-21 08:00:00,32743.184
2018-12-21 09:00:00,32890.125
2018-12-21 10:00:00,32988.863
2018-12-21 11:00:00,32651.057
2018-12-21 12:00:00,32298.953
2018-12-21 13:00:00,31867.148
2018-12-21 14:00:00,31726.328
2018-12-21 15:00:00,31512.19
2018-12-21 16:00:00,31738.178
2018-12-21 17:00:00,32671.527
2018-12-21 18:00:00,33860.516
2018-12-21 19:00:00,33681.156
2018-12-21 20:00:00,33088.746
2018-12-21 21:00:00,32973.098
2018-12-21 22:00:00,31993.102
2018-12-21 23:00:00,30451.715
2018-12-22 00:00:00,27443.146
2018-12-22 01:00:00,26338.117
2018-12-22 02:00:00,25568.346
2018-12-22 03:00:00,25234.043
2018-12-22 04:00:00,25010.535
2018-12-22 05:00:00,25093.664
2018-12-22 06:00:00,25565.465
2018-12-22 07:00:00,26150.127
2018-12-22 08:00:00,27140.709
2018-12-22 09:00:00,29165.953
2018-12-22 10:00:00,30186.53
2018-12-22 11:00:00,30696.873
2018-12-22 12:00:00,30802.064
2018-12-22 13:00:00,30658.195
2018-12-22 14:00:00,30308.9
2018-12-22 15:00:00,29923.076
2018-12-22 16:00:00,29908.174
2018-12-22 17:00:00,30964.648
2018-12-22 18:00:00,32182.465
2018-12-22 19:00:00,32031.186
2018-12-22 20:00:00,31604.86
2018-12-22 21:00:00,31059.83
2018-12-22 22:00:00,30345.441
2018-12-22 23:00:00,29107.76
2018-12-23 00:00:00,27291.441
2018-12-23 01:00:00,25958.34
2018-12-23 02:00:00,25108.703
2018-12-23 03:00:00,24750.75
2018-12-23 04:00:00,24720.283
2018-12-23 05:00:00,24850.934
2018-12-23 06:00:00,25475.246
2018-12-23 07:00:00,26065.799
2018-12-23 08:00:00,27181.867
2018-12-23 09:00:00,28359.86
2018-12-23 10:00:00,28781.613
2018-12-23 11:00:00,29143.455
2018-12-23 12:00:00,29151.75
2018-12-23 13:00:00,29091.955
2018-12-23 14:00:00,29229.934
2018-12-23 15:00:00,29298.875
2018-12-23 16:00:00,29585.24
2018-12-23 17:00:00,30561.44
2018-12-23 18:00:00,32128.73
2018-12-23 19:00:00,31932.633
2018-12-23 20:00:00,31692.361
2018-12-23 21:00:00,31416.074
2018-12-23 22:00:00,30626.402
2018-12-23 23:00:00,29656.06
2018-12-24 00:00:00,27522.623
2018-12-24 01:00:00,26570.637
2018-12-24 02:00:00,25967.834
2018-12-24 03:00:00,25818.326
2018-12-24 04:00:00,25623.414
2018-12-24 05:00:00,25914.135
2018-12-24 06:00:00,26872.975
2018-12-24 07:00:00,28199.957
2018-12-24 08:00:00,30144.568
2018-12-24 09:00:00,31445.621
2018-12-24 10:00:00,32032.467
2018-12-24 11:00:00,32389.873
2018-12-24 12:00:00,32397.986
2018-12-24 13:00:00,32227.031
2018-12-24 14:00:00,32141.719
2018-12-24 15:00:00,32038.791
2018-12-24 16:00:00,32441.312
2018-12-24 17:00:00,33401.72
2018-12-24 18:00:00,35139.082
2018-12-24 19:00:00,34803.86
2018-12-24 20:00:00,34724.945
2018-12-24 21:00:00,34185.66
2018-12-24 22:00:00,33245.79
2018-12-24 23:00:00,32336.77
2018-12-25 00:00:00,28880.443
2018-12-25 01:00:00,28097.887
2018-12-25 02:00:00,27298.19
2018-12-25 03:00:00,27145.031
2018-12-25 04:00:00,26977.605
2018-12-25 05:00:00,27459.93
2018-12-25 06:00:00,28355.963
2018-12-25 07:00:00,31126.438
2018-12-25 08:00:00,32663.318
2018-12-25 09:00:00,33266.71
2018-12-25 10:00:00,33460.438
2018-12-25 11:00:00,33585.273
2018-12-25 12:00:00,33445.16
2018-12-25 13:00:00,32987.297
2018-12-25 14:00:00,32990.402
2018-12-25 15:00:00,32922.707
2018-12-25 16:00:00,33119.35
2018-12-25 17:00:00,33859.098
2018-12-25 18:00:00,35549.227
2018-12-25 19:00:00,36006.957
2018-12-25 20:00:00,35179.77
2018-12-25 21:00:00,34927.918
2018-12-25 22:00:00,33740.75
2018-12-25 23:00:00,32464.354
2018-12-26 00:00:00,29927.645
2018-12-26 01:00:00,28442.4
2018-12-26 02:00:00,27522.4
2018-12-26 03:00:00,27188.984
2018-12-26 04:00:00,27179.277
2018-12-26 05:00:00,27643.973
2018-12-26 06:00:00,29762.092
2018-12-26 07:00:00,31898.834
2018-12-26 08:00:00,33019.67
2018-12-26 09:00:00,34205.61
2018-12-26 10:00:00,34500.094
2018-12-26 11:00:00,34653.39
2018-12-26 12:00:00,34171.105
2018-12-26 13:00:00,33910.445
2018-12-26 14:00:00,33871.613
2018-12-26 15:00:00,33870.164
2018-12-26 16:00:00,34123.266
2018-12-26 17:00:00,35287.14
2018-12-26 18:00:00,37093.902
2018-12-26 19:00:00,37072.098
2018-12-26 20:00:00,36758.918
2018-12-26 21:00:00,36298.133
2018-12-26 22:00:00,35793.664
2018-12-26 23:00:00,33740.83
2018-12-27 00:00:00,31535.074
2018-12-27 01:00:00,30860.033
2018-12-27 02:00:00,30151.29
2018-12-27 03:00:00,30104.52
2018-12-27 04:00:00,30104.52
2018-12-27 05:00:00,30449.205
2018-12-27 06:00:00,31803.979
2018-12-27 07:00:00,34172.508
2018-12-27 08:00:00,35047.7
2018-12-27 09:00:00,35615.49
2018-12-27 10:00:00,35577.8
2018-12-27 11:00:00,35579.48
2018-12-27 12:00:00,36156.613
2018-12-27 13:00:00,34786.934
2018-12-27 14:00:00,34861.824
2018-12-27 15:00:00,34595.99
2018-12-27 16:00:00,34354.1
2018-12-27 17:00:00,36194.66
2018-12-27 18:00:00,37085.918
2018-12-27 19:00:00,36953.27
2018-12-27 20:00:00,36790.785
2018-12-27 21:00:00,36592.51
2018-12-27 22:00:00,36080.89
2018-12-27 23:00:00,34480.984
2018-12-28 00:00:00,32212.451
2018-12-28 01:00:00,31503.984
2018-12-28 02:00:00,31056.781
2018-12-28 03:00:00,30753.992
2018-12-28 04:00:00,30753.992
2018-12-28 05:00:00,31006.297
2018-12-28 06:00:00,31810.445
2018-12-28 07:00:00,32908.69
2018-12-28 08:00:00,34496.324
2018-12-28 09:00:00,34876.52
2018-12-28 10:00:00,34911.844
2018-12-28 11:00:00,35703.973
2018-12-28 12:00:00,35712.09
2018-12-28 13:00:00,34449.55
2018-12-28 14:00:00,33922.902
2018-12-28 15:00:00,33644.125
2018-12-28 16:00:00,34459.426
2018-12-28 17:00:00,36471.758
2018-12-28 18:00:00,37042.016
2018-12-28 19:00:00,37020.516
2018-12-28 20:00:00,36811.598
2018-12-28 21:00:00,36444.39
2018-12-28 22:00:00,35758.848
2018-12-28 23:00:00,34393.824
2018-12-29 00:00:00,31695.678
2018-12-29 01:00:00,31086.707
2018-12-29 02:00:00,30441.244
2018-12-29 03:00:00,29768.443
2018-12-29 04:00:00,29768.443
2018-12-29 05:00:00,30005.4
2018-12-29 06:00:00,30753.5
2018-12-29 07:00:00,31642.66
2018-12-29 08:00:00,32369.193
2018-12-29 09:00:00,32940.81
2018-12-29 10:00:00,33241.457
2018-12-29 11:00:00,33407.574
2018-12-29 12:00:00,33164.91
2018-12-29 13:00:00,33088.316
2018-12-29 14:00:00,32870.734
2018-12-29 15:00:00,32870.797
2018-12-29 16:00:00,32884.09
2018-12-29 17:00:00,33726.95
2018-12-29 18:00:00,35952.605
2018-12-29 19:00:00,35609.87
2018-12-29 20:00:00,35941.23
2018-12-29 21:00:00,35444.73
2018-12-29 22:00:00,33572.207
2018-12-29 23:00:00,33201.074
2018-12-30 00:00:00,31302.57
2018-12-30 01:00:00,30850.602
2018-12-30 02:00:00,30298.47
2018-12-30 03:00:00,30215.326
2018-12-30 04:00:00,30035.326
2018-12-30 05:00:00,30413.555
2018-12-30 06:00:00,30567.518
2018-12-30 07:00:00,31794.13
2018-12-30 08:00:00,32270.986
2018-12-30 09:00:00,32737.06
2018-12-30 10:00:00,32702.955
2018-12-30 11:00:00,32772.21
2018-12-30 12:00:00,32822.047
2018-12-30 13:00:00,33047.305
2018-12-30 14:00:00,34177.855
2018-12-30 15:00:00,34176.406
2018-12-30 16:00:00,33713.836
2018-12-30 17:00:00,34528.504
2018-12-30 18:00:00,35384.527
2018-12-30 19:00:00,35578.27
2018-12-30 20:00:00,35578.27
2018-12-30 21:00:00,35441.754
2018-12-30 22:00:00,34555.39
2018-12-30 23:00:00,34085.797
2018-12-31 00:00:00,33564.836
2018-12-31 01:00:00,32196.115
2018-12-31 02:00:00,31962.754
2018-12-31 03:00:00,31330.955
2018-12-31 04:00:00,31491.42
2018-12-31 05:00:00,31816.39
2018-12-31 06:00:00,32839.793
2018-12-31 07:00:00,34666.195
2018-12-31 08:00:00,36517.68
2018-12-31 09:00:00,36725.938
2018-12-31 10:00:00,36506.445
2018-12-31 11:00:00,35558.44
2018-12-31 12:00:00,35511.734
2018-12-31 13:00:00,35258.727
2018-12-31 14:00:00,35365.95
2018-12-31 15:00:00,35420.465
2018-12-31 16:00:00,35732.508
2018-12-31 17:00:00,37669.176
2018-12-31 18:00:00,39286.562
2018-12-31 19:00:00,39413.133
2018-12-31 20:00:00,39353.695
2018-12-31 21:00:00,39228.977
2018-12-31 22:00:00,37187.27
2018-12-31 23:00:00,36734.562
2019-01-01 00:00:00,33362.758
2019-01-01 01:00:00,32887.543
2019-01-01 02:00:00,32564.848
2019-01-01 03:00:00,32229.404
2019-01-01 04:00:00,32776.418
2019-01-01 05:00:00,33067.035
2019-01-01 06:00:00,34174.234
2019-01-01 07:00:00,35389.992
2019-01-01 08:00:00,37293.305
2019-01-01 09:00:00,37321.15
2019-01-01 10:00:00,36814.996
2019-01-01 11:00:00,36919.81
2019-01-01 12:00:00,37026.46
2019-01-01 13:00:00,37035.168
2019-01-01 14:00:00,36929.527
2019-01-01 15:00:00,36842.867
2019-01-01 16:00:00,36856.164
2019-01-01 17:00:00,37334.383
2019-01-01 18:00:00,38097.805
2019-01-01 19:00:00,38129.29
2019-01-01 20:00:00,38151.41
2019-01-01 21:00:00,38043.895
2019-01-01 22:00:00,36483.375
2019-01-01 23:00:00,35852.926
2019-01-02 00:00:00,33105.625
2019-01-02 01:00:00,32762.748
2019-01-02 02:00:00,32256.434
2019-01-02 03:00:00,32246.77
2019-01-02 04:00:00,32422.111
2019-01-02 05:00:00,32981.887
2019-01-02 06:00:00,34163.938
2019-01-02 07:00:00,35716.746
2019-01-02 08:00:00,36599.05
2019-01-02 09:00:00,36515.773
2019-01-02 10:00:00,35959.645
2019-01-02 11:00:00,35965.79
2019-01-02 12:00:00,35819.504
2019-01-02 13:00:00,35208.035
2019-01-02 14:00:00,34968.637
2019-01-02 15:00:00,34869.56
2019-01-02 16:00:00,34918.035
2019-01-02 17:00:00,36115.39
2019-01-02 18:00:00,37453.29
2019-01-02 19:00:00,37427.883
2019-01-02 20:00:00,37453.29
2019-01-02 21:00:00,37420.64
2019-01-02 22:00:00,36903.625
2019-01-02 23:00:00,35084.68
2019-01-03 00:00:00,31977.107
2019-01-03 01:00:00,31228.361
2019-01-03 02:00:00,30586.945
2019-01-03 03:00:00,30593.918
2019-01-03 04:00:00,30820.484
2019-01-03 05:00:00,31329.059
2019-01-03 06:00:00,32388.307
2019-01-03 07:00:00,36134.45
2019-01-03 08:00:00,36828.15
2019-01-03 09:00:00,36882.164
2019-01-03 10:00:00,36837.418
2019-01-03 11:00:00,36652.85
2019-01-03 12:00:00,36959.64
2019-01-03 13:00:00,36345.484
2019-01-03 14:00:00,36323.484
2019-01-03 15:00:00,36216.84
2019-01-03 16:00:00,36177.93
2019-01-03 17:00:00,36610.55
2019-01-03 18:00:00,37945.805
2019-01-03 19:00:00,37945.805
2019-01-03 20:00:00,37835.637
2019-01-03 21:00:00,37718.594
2019-01-03 22:00:00,36732.285
2019-01-03 23:00:00,35351.47
2019-01-04 00:00:00,32656.31
2019-01-04 01:00:00,32314.834
2019-01-04 02:00:00,32079.99
2019-01-04 03:00:00,32072.521
2019-01-04 04:00:00,32049.076
2019-01-04 05:00:00,32570.66
2019-01-04 06:00:00,33202.75
2019-01-04 07:00:00,36013.434
2019-01-04 08:00:00,36790.113
2019-01-04 09:00:00,36878.55
2019-01-04 10:00:00,36869.973
2019-01-04 11:00:00,36631.188
2019-01-04 12:00:00,36687.43
2019-01-04 13:00:00,36657.89
2019-01-04 14:00:00,36208.406
2019-01-04 15:00:00,36178.258
2019-01-04 16:00:00,36603.0
2019-01-04 17:00:00,36905.41
2019-01-04 18:00:00,38467.703
2019-01-04 19:00:00,37868.84
2019-01-04 20:00:00,37755.504
2019-01-04 21:00:00,37169.832
2019-01-04 22:00:00,36305.434
2019-01-04 23:00:00,35820.836
2019-01-05 00:00:00,33014.504
2019-01-05 01:00:00,31538.697
2019-01-05 02:00:00,31729.455
2019-01-05 03:00:00,31692.732
2019-01-05 04:00:00,31692.732
2019-01-05 05:00:00,31729.455
2019-01-05 06:00:00,31783.39
2019-01-05 07:00:00,33073.086
2019-01-05 08:00:00,33964.887
2019-01-05 09:00:00,34059.215
2019-01-05 10:00:00,34552.777
2019-01-05 11:00:00,34667.965
2019-01-05 12:00:00,34266.004
2019-01-05 13:00:00,34270.883
2019-01-05 14:00:00,34130.508
2019-01-05 15:00:00,34075.348
2019-01-05 16:00:00,34142.746
2019-01-05 17:00:00,34881.957
2019-01-05 18:00:00,35039.87
2019-01-05 19:00:00,35039.87
2019-01-05 20:00:00,34982.77
2019-01-05 21:00:00,34881.336
2019-01-05 22:00:00,34427.96
2019-01-05 23:00:00,34162.527
2019-01-06 00:00:00,33109.51
2019-01-06 01:00:00,32777.95
2019-01-06 02:00:00,32714.076
2019-01-06 03:00:00,32544.814
2019-01-06 04:00:00,32544.814
2019-01-06 05:00:00,32654.262
2019-01-06 06:00:00,32964.97
2019-01-06 07:00:00,33204.094
2019-01-06 08:00:00,33406.434
2019-01-06 09:00:00,34145.27
2019-01-06 10:00:00,33663.57
2019-01-06 11:00:00,33670.875
2019-01-06 12:00:00,33717.527
2019-01-06 13:00:00,33556.184
2019-01-06 14:00:00,33368.74
2019-01-06 15:00:00,33441.523
2019-01-06 16:00:00,33803.51
2019-01-06 17:00:00,34088.645
2019-01-06 18:00:00,35697.207
2019-01-06 19:00:00,35597.043
2019-01-06 20:00:00,35731.16
2019-01-06 21:00:00,35685.59
2019-01-06 22:00:00,34647.023
2019-01-06 23:00:00,33615.78
2019-01-07 00:00:00,33660.688
2019-01-07 01:00:00,33449.965
2019-01-07 02:00:00,33081.62
2019-01-07 03:00:00,32955.465
2019-01-07 04:00:00,32954.473
2019-01-07 05:00:00,33413.645
2019-01-07 06:00:00,34437.72
2019-01-07 07:00:00,36832.98
2019-01-07 08:00:00,37568.902
2019-01-07 09:00:00,37064.82
2019-01-07 10:00:00,37105.137
2019-01-07 11:00:00,37058.785
2019-01-07 12:00:00,37048.418
2019-01-07 13:00:00,36560.047
2019-01-07 14:00:00,36583.938
2019-01-07 15:00:00,36602.832
2019-01-07 16:00:00,36616.13
2019-01-07 17:00:00,37067.18
2019-01-07 18:00:00,37823.777
2019-01-07 19:00:00,37798.37
2019-01-07 20:00:00,37794.71
2019-01-07 21:00:00,37633.64
2019-01-07 22:00:00,37097.93
2019-01-07 23:00:00,35577.555
2019-01-08 00:00:00,32713.965
2019-01-08 01:00:00,31418.795
2019-01-08 02:00:00,30042.664
2019-01-08 03:00:00,30032.316
2019-01-08 04:00:00,30008.035
2019-01-08 05:00:00,31341.012
2019-01-08 06:00:00,34065.133
2019-01-08 07:00:00,36372.71
2019-01-08 08:00:00,36982.01
2019-01-08 09:00:00,36971.887
2019-01-08 10:00:00,36677.133
2019-01-08 11:00:00,36453.805
2019-01-08 12:00:00,36192.41
2019-01-08 13:00:00,35917.98
2019-01-08 14:00:00,35429.68
2019-01-08 15:00:00,35268.777
2019-01-08 16:00:00,35322.24
2019-01-08 17:00:00,36211.85
2019-01-08 18:00:00,37259.812
2019-01-08 19:00:00,37454.85
2019-01-08 20:00:00,37404.293
2019-01-08 21:00:00,37217.098
2019-01-08 22:00:00,36503.49
2019-01-08 23:00:00,34869.117
2019-01-09 00:00:00,30897.668
2019-01-09 01:00:00,29476.303
2019-01-09 02:00:00,29163.695
2019-01-09 03:00:00,29143.834
2019-01-09 04:00:00,29353.234
2019-01-09 05:00:00,30261.521
2019-01-09 06:00:00,32783.535
2019-01-09 07:00:00,36159.61
2019-01-09 08:00:00,36783.625
2019-01-09 09:00:00,36522.844
2019-01-09 10:00:00,36283.484
2019-01-09 11:00:00,36041.91
2019-01-09 12:00:00,35355.934
2019-01-09 13:00:00,35087.074
2019-01-09 14:00:00,35040.6
2019-01-09 15:00:00,35059.496
2019-01-09 16:00:00,35323.824
2019-01-09 17:00:00,36277.496
2019-01-09 18:00:00,37302.242
2019-01-09 19:00:00,37302.242
2019-01-09 20:00:00,36998.88
2019-01-09 21:00:00,36579.812
2019-01-09 22:00:00,35399.32
2019-01-09 23:00:00,33918.242
2019-01-10 00:00:00,30101.664
2019-01-10 01:00:00,29757.81
2019-01-10 02:00:00,29227.354
2019-01-10 03:00:00,28921.193
2019-01-10 04:00:00,28864.04
2019-01-10 05:00:00,29496.238
2019-01-10 06:00:00,29861.63
2019-01-10 07:00:00,33599.477
2019-01-10 08:00:00,34658.6
2019-01-10 09:00:00,34855.457
2019-01-10 10:00:00,34746.08
2019-01-10 11:00:00,34318.1
2019-01-10 12:00:00,33707.66
2019-01-10 13:00:00,33490.184
2019-01-10 14:00:00,33250.816
2019-01-10 15:00:00,33156.086
2019-01-10 16:00:00,33164.58
2019-01-10 17:00:00,33741.266
2019-01-10 18:00:00,35219.27
2019-01-10 19:00:00,35318.758
2019-01-10 20:00:00,34982.695
2019-01-10 21:00:00,34484.754
2019-01-10 22:00:00,33259.79
2019-01-10 23:00:00,31740.094
2019-01-11 00:00:00,29206.85
2019-01-11 01:00:00,27998.67
2019-01-11 02:00:00,27163.303
2019-01-11 03:00:00,26837.732
2019-01-11 04:00:00,26764.123
2019-01-11 05:00:00,27117.025
2019-01-11 06:00:00,28570.27
2019-01-11 07:00:00,30839.557
2019-01-11 08:00:00,32781.816
2019-01-11 09:00:00,33108.742
2019-01-11 10:00:00,33110.516
2019-01-11 11:00:00,33015.52
2019-01-11 12:00:00,33036.66
2019-01-11 13:00:00,32806.59
2019-01-11 14:00:00,32779.88
2019-01-11 15:00:00,32762.791
2019-01-11 16:00:00,32755.324
2019-01-11 17:00:00,33188.13
2019-01-11 18:00:00,34195.555
2019-01-11 19:00:00,33974.785
2019-01-11 20:00:00,33516.47
2019-01-11 21:00:00,33012.434
2019-01-11 22:00:00,31775.568
2019-01-11 23:00:00,30674.012
2019-01-12 00:00:00,28282.629
2019-01-12 01:00:00,27358.662
2019-01-12 02:00:00,26797.566
2019-01-12 03:00:00,26299.854
2019-01-12 04:00:00,26138.068
2019-01-12 05:00:00,26560.406
2019-01-12 06:00:00,26975.064
2019-01-12 07:00:00,28129.957
2019-01-12 08:00:00,29537.094
2019-01-12 09:00:00,31001.656
2019-01-12 10:00:00,31840.191
2019-01-12 11:00:00,32293.84
2019-01-12 12:00:00,32214.945
2019-01-12 13:00:00,32033.99
2019-01-12 14:00:00,32009.72
2019-01-12 15:00:00,32028.615
2019-01-12 16:00:00,32543.506
2019-01-12 17:00:00,33057.08
2019-01-12 18:00:00,33932.668
2019-01-12 19:00:00,34076.492
2019-01-12 20:00:00,33746.44
2019-01-12 21:00:00,33585.348
2019-01-12 22:00:00,33398.63
2019-01-12 23:00:00,32480.418
2019-01-13 00:00:00,31134.018
2019-01-13 01:00:00,30570.19
2019-01-13 02:00:00,30227.098
2019-01-13 03:00:00,30153.355
2019-01-13 04:00:00,30153.355
2019-01-13 05:00:00,30684.729
2019-01-13 06:00:00,31077.623
2019-01-13 07:00:00,31492.498
2019-01-13 08:00:00,31984.662
2019-01-13 09:00:00,32643.533
2019-01-13 10:00:00,32794.168
2019-01-13 11:00:00,32838.94
2019-01-13 12:00:00,33066.824
2019-01-13 13:00:00,33389.246
2019-01-13 14:00:00,33265.24
2019-01-13 15:00:00,33165.055
2019-01-13 16:00:00,33302.402
2019-01-13 17:00:00,33794.37
2019-01-13 18:00:00,35095.06
2019-01-13 19:00:00,35343.043
2019-01-13 20:00:00,35131.246
2019-01-13 21:00:00,35066.293
2019-01-13 22:00:00,33691.586
2019-01-13 23:00:00,33158.58
2019-01-14 00:00:00,31814.264
2019-01-14 01:00:00,31690.68
2019-01-14 02:00:00,31344.234
2019-01-14 03:00:00,31344.234
2019-01-14 04:00:00,31580.934
2019-01-14 05:00:00,31643.264
2019-01-14 06:00:00,33176.55
2019-01-14 07:00:00,36251.566
2019-01-14 08:00:00,36915.793
2019-01-14 09:00:00,37064.746
2019-01-14 10:00:00,37135.348
2019-01-14 11:00:00,37091.555
2019-01-14 12:00:00,37180.875
2019-01-14 13:00:00,37093.938
2019-01-14 14:00:00,36701.484
2019-01-14 15:00:00,36327.96
2019-01-14 16:00:00,36748.5
2019-01-14 17:00:00,37176.855
2019-01-14 18:00:00,37854.555
2019-01-14 19:00:00,38212.414
2019-01-14 20:00:00,37775.97
2019-01-14 21:00:00,37771.066
2019-01-14 22:00:00,36853.61
2019-01-14 23:00:00,35299.457
2019-01-15 00:00:00,32579.666
2019-01-15 01:00:00,30885.416
2019-01-15 02:00:00,30345.395
2019-01-15 03:00:00,29808.107
2019-01-15 04:00:00,29818.371
2019-01-15 05:00:00,30796.893
2019-01-15 06:00:00,33205.08
2019-01-15 07:00:00,35413.188
2019-01-15 08:00:00,37351.816
2019-01-15 09:00:00,36938.215
2019-01-15 10:00:00,36711.016
2019-01-15 11:00:00,36774.152
2019-01-15 12:00:00,36523.47
2019-01-15 13:00:00,36330.35
2019-01-15 14:00:00,36261.445
2019-01-15 15:00:00,36266.1
2019-01-15 16:00:00,36293.637
2019-01-15 17:00:00,36677.434
2019-01-15 18:00:00,37666.656
2019-01-15 19:00:00,38048.953
2019-01-15 20:00:00,37938.664
2019-01-15 21:00:00,37294.754
2019-01-15 22:00:00,35784.402
2019-01-15 23:00:00,34995.81
2019-01-16 00:00:00,30664.846
2019-01-16 01:00:00,30006.07
2019-01-16 02:00:00,29830.002
2019-01-16 03:00:00,29824.057
2019-01-16 04:00:00,29824.057
2019-01-16 05:00:00,29778.307
2019-01-16 06:00:00,31704.027
2019-01-16 07:00:00,34639.527
2019-01-16 08:00:00,36459.062
2019-01-16 09:00:00,36344.84
2019-01-16 10:00:00,36144.137
2019-01-16 11:00:00,36193.816
2019-01-16 12:00:00,36389.86
2019-01-16 13:00:00,35810.29
2019-01-16 14:00:00,35752.867
2019-01-16 15:00:00,35771.76
2019-01-16 16:00:00,35866.37
2019-01-16 17:00:00,36825.383
2019-01-16 18:00:00,37489.562
2019-01-16 19:00:00,37489.562
2019-01-16 20:00:00,37413.53
2019-01-16 21:00:00,37370.094
2019-01-16 22:00:00,36247.9
2019-01-16 23:00:00,35152.83
2019-01-17 00:00:00,32395.008
2019-01-17 01:00:00,31890.414
2019-01-17 02:00:00,31408.03
2019-01-17 03:00:00,31398.365
2019-01-17 04:00:00,31590.303
2019-01-17 05:00:00,32010.291
2019-01-17 06:00:00,33749.887
2019-01-17 07:00:00,35484.996
2019-01-17 08:00:00,36534.1
2019-01-17 09:00:00,36363.69
2019-01-17 10:00:00,36091.99
2019-01-17 11:00:00,35714.867
2019-01-17 12:00:00,35605.67
2019-01-17 13:00:00,35392.816
2019-01-17 14:00:00,35044.055
2019-01-17 15:00:00,34900.23
2019-01-17 16:00:00,35222.633
2019-01-17 17:00:00,35673.08
2019-01-17 18:00:00,37235.75
2019-01-17 19:00:00,37269.996
2019-01-17 20:00:00,37176.855
2019-01-17 21:00:00,37235.75
2019-01-17 22:00:00,36098.21
2019-01-17 23:00:00,35078.492
2019-01-18 00:00:00,32127.777
2019-01-18 01:00:00,30725.658
2019-01-18 02:00:00,30657.098
2019-01-18 03:00:00,30132.117
2019-01-18 04:00:00,30657.098
2019-01-18 05:00:00,31243.549
2019-01-18 06:00:00,33200.207
2019-01-18 07:00:00,35701.285
2019-01-18 08:00:00,36766.21
2019-01-18 09:00:00,36843.34
2019-01-18 10:00:00,36444.438
2019-01-18 11:00:00,36258.746
2019-01-18 12:00:00,35974.996
2019-01-18 13:00:00,35811.375
2019-01-18 14:00:00,35540.645
2019-01-18 15:00:00,35137.418
2019-01-18 16:00:00,35150.715
2019-01-18 17:00:00,35959.406
2019-01-18 18:00:00,36729.266
2019-01-18 19:00:00,36712.73
2019-01-18 20:00:00,36625.83
2019-01-18 21:00:00,35944.18
2019-01-18 22:00:00,35316.35
2019-01-18 23:00:00,34387.906
2019-01-19 00:00:00,29640.658
2019-01-19 01:00:00,29309.361
2019-01-19 02:00:00,29301.535
2019-01-19 03:00:00,29165.152
2019-01-19 04:00:00,29098.715
2019-01-19 05:00:00,29176.252
2019-01-19 06:00:00,29189.303
2019-01-19 07:00:00,30148.328
2019-01-19 08:00:00,32081.967
2019-01-19 09:00:00,33038.027
2019-01-19 10:00:00,32777.72
2019-01-19 11:00:00,32649.494
2019-01-19 12:00:00,32448.41
2019-01-19 13:00:00,31986.604
2019-01-19 14:00:00,31664.846
2019-01-19 15:00:00,31491.484
2019-01-19 16:00:00,31564.615
2019-01-19 17:00:00,32042.684
2019-01-19 18:00:00,32915.395
2019-01-19 19:00:00,33506.52
2019-01-19 20:00:00,33257.2
2019-01-19 21:00:00,32930.188
2019-01-19 22:00:00,32599.088
2019-01-19 23:00:00,31790.676
2019-01-20 00:00:00,29455.08
2019-01-20 01:00:00,28505.748
2019-01-20 02:00:00,28204.66
2019-01-20 03:00:00,27866.613
2019-01-20 04:00:00,27836.502
2019-01-20 05:00:00,27838.008
2019-01-20 06:00:00,28588.73
2019-01-20 07:00:00,29444.12
2019-01-20 08:00:00,30904.09
2019-01-20 09:00:00,31527.037
2019-01-20 10:00:00,31565.121
2019-01-20 11:00:00,31630.68
2019-01-20 12:00:00,31339.986
2019-01-20 13:00:00,31280.693
2019-01-20 14:00:00,31143.55
2019-01-20 15:00:00,31066.916
2019-01-20 16:00:00,31313.137
2019-01-20 17:00:00,32091.545
2019-01-20 18:00:00,33115.688
2019-01-20 19:00:00,33465.688
2019-01-20 20:00:00,33067.77
2019-01-20 21:00:00,32866.113
2019-01-20 22:00:00,32297.686
2019-01-20 23:00:00,30939.87
2019-01-21 00:00:00,29310.48
2019-01-21 01:00:00,27929.105
2019-01-21 02:00:00,27452.03
2019-01-21 03:00:00,27264.441
2019-01-21 04:00:00,27366.871
2019-01-21 05:00:00,28144.48
2019-01-21 06:00:00,29738.861
2019-01-21 07:00:00,31485.895
2019-01-21 08:00:00,33883.402
2019-01-21 09:00:00,34420.016
2019-01-21 10:00:00,34273.785
2019-01-21 11:00:00,33864.75
2019-01-21 12:00:00,33804.43
2019-01-21 13:00:00,33571.54
2019-01-21 14:00:00,33423.176
2019-01-21 15:00:00,33239.992
2019-01-21 16:00:00,33253.29
2019-01-21 17:00:00,33759.57
2019-01-21 18:00:00,35921.73
2019-01-21 19:00:00,36307.508
2019-01-21 20:00:00,36078.39
2019-01-21 21:00:00,35082.297
2019-01-21 22:00:00,33833.484
2019-01-21 23:00:00,32217.229
2019-01-22 00:00:00,29606.984
2019-01-22 01:00:00,28646.693
2019-01-22 02:00:00,28105.986
2019-01-22 03:00:00,27999.645
2019-01-22 04:00:00,27952.072
2019-01-22 05:00:00,28225.072
2019-01-22 06:00:00,29531.523
2019-01-22 07:00:00,31757.508
2019-01-22 08:00:00,33916.11
2019-01-22 09:00:00,34090.293
2019-01-22 10:00:00,33984.227
2019-01-22 11:00:00,33608.727
2019-01-22 12:00:00,33559.664
2019-01-22 13:00:00,33201.55
2019-01-22 14:00:00,33028.67
2019-01-22 15:00:00,33013.887
2019-01-22 16:00:00,33108.41
2019-01-22 17:00:00,33516.47
2019-01-22 18:00:00,35247.305
2019-01-22 19:00:00,35769.363
2019-01-22 20:00:00,35530.71
2019-01-22 21:00:00,34782.906
2019-01-22 22:00:00,33415.508
2019-01-22 23:00:00,31797.768
2019-01-23 00:00:00,29290.258
2019-01-23 01:00:00,28605.484
2019-01-23 02:00:00,28355.992
2019-01-23 03:00:00,28191.11
2019-01-23 04:00:00,28376.61
2019-01-23 05:00:00,28616.018
2019-01-23 06:00:00,29424.283
2019-01-23 07:00:00,31583.033
2019-01-23 08:00:00,34338.652
2019-01-23 09:00:00,34630.62
2019-01-23 10:00:00,34301.203
2019-01-23 11:00:00,34152.152
2019-01-23 12:00:00,33779.906
2019-01-23 13:00:00,33373.812
2019-01-23 14:00:00,33309.18
2019-01-23 15:00:00,33215.734
2019-01-23 16:00:00,33522.297
2019-01-23 17:00:00,34319.215
2019-01-23 18:00:00,35680.09
2019-01-23 19:00:00,36448.555
2019-01-23 20:00:00,36402.113
2019-01-23 21:00:00,35670.74
2019-01-23 22:00:00,34756.613
2019-01-23 23:00:00,33478.605
2019-01-24 00:00:00,29474.78
2019-01-24 01:00:00,29519.14
2019-01-24 02:00:00,29291.885
2019-01-24 03:00:00,29228.635
2019-01-24 04:00:00,29263.475
2019-01-24 05:00:00,29361.361
2019-01-24 06:00:00,30600.146
2019-01-24 07:00:00,34525.75
2019-01-24 08:00:00,35327.9
2019-01-24 09:00:00,35429.62
2019-01-24 10:00:00,35117.945
2019-01-24 11:00:00,34661.758
2019-01-24 12:00:00,34229.332
2019-01-24 13:00:00,33820.11
2019-01-24 14:00:00,33578.625
2019-01-24 15:00:00,33568.84
2019-01-24 16:00:00,33842.508
2019-01-24 17:00:00,34470.883
2019-01-24 18:00:00,36224.492
2019-01-24 19:00:00,36883.047
2019-01-24 20:00:00,36615.34
2019-01-24 21:00:00,36405.28
2019-01-24 22:00:00,34949.38
2019-01-24 23:00:00,33759.605
2019-01-25 00:00:00,30786.186
2019-01-25 01:00:00,29223.26
2019-01-25 02:00:00,29114.125
2019-01-25 03:00:00,29100.88
2019-01-25 04:00:00,29181.297
2019-01-25 05:00:00,30066.057
2019-01-25 06:00:00,31826.549
2019-01-25 07:00:00,34424.797
2019-01-25 08:00:00,36505.72
2019-01-25 09:00:00,36076.773
2019-01-25 10:00:00,35705.688
2019-01-25 11:00:00,34830.91
2019-01-25 12:00:00,34537.914
2019-01-25 13:00:00,34297.945
2019-01-25 14:00:00,33834.88
2019-01-25 15:00:00,33608.008
2019-01-25 16:00:00,33713.215
2019-01-25 17:00:00,34700.492
2019-01-25 18:00:00,36423.39
2019-01-25 19:00:00,36761.555
2019-01-25 20:00:00,36437.65
2019-01-25 21:00:00,35948.562
2019-01-25 22:00:00,34994.996
2019-01-25 23:00:00,33704.06
2019-01-26 00:00:00,29259.914
2019-01-26 01:00:00,28965.42
2019-01-26 02:00:00,28878.559
2019-01-26 03:00:00,28849.672
2019-01-26 04:00:00,28875.21
2019-01-26 05:00:00,28889.406
2019-01-26 06:00:00,28982.531
2019-01-26 07:00:00,30314.156
2019-01-26 08:00:00,32325.643
2019-01-26 09:00:00,32615.69
2019-01-26 10:00:00,32369.127
2019-01-26 11:00:00,32232.334
2019-01-26 12:00:00,31911.123
2019-01-26 13:00:00,31127.268
2019-01-26 14:00:00,30415.193
2019-01-26 15:00:00,30169.12
2019-01-26 16:00:00,30306.305
2019-01-26 17:00:00,31063.178
2019-01-26 18:00:00,32462.893
2019-01-26 19:00:00,32801.562
2019-01-26 20:00:00,32559.844
2019-01-26 21:00:00,32288.176
2019-01-26 22:00:00,31544.951
2019-01-26 23:00:00,30119.229
2019-01-27 00:00:00,28580.77
2019-01-27 01:00:00,27536.66
2019-01-27 02:00:00,27108.156
2019-01-27 03:00:00,26864.238
2019-01-27 04:00:00,26725.47
2019-01-27 05:00:00,26794.156
2019-01-27 06:00:00,27065.93
2019-01-27 07:00:00,27609.373
2019-01-27 08:00:00,28429.482
2019-01-27 09:00:00,29397.951
2019-01-27 10:00:00,30221.795
2019-01-27 11:00:00,30191.816
2019-01-27 12:00:00,30328.172
2019-01-27 13:00:00,30167.033
2019-01-27 14:00:00,30013.572
2019-01-27 15:00:00,29938.29
2019-01-27 16:00:00,30109.316
2019-01-27 17:00:00,30757.031
2019-01-27 18:00:00,32195.838
2019-01-27 19:00:00,32656.799
2019-01-27 20:00:00,32538.639
2019-01-27 21:00:00,32225.232
2019-01-27 22:00:00,31442.219
2019-01-27 23:00:00,29707.328
2019-01-28 00:00:00,28870.78
2019-01-28 01:00:00,28084.139
2019-01-28 02:00:00,27517.28
2019-01-28 03:00:00,27459.066
2019-01-28 04:00:00,27669.72
2019-01-28 05:00:00,28067.023
2019-01-28 06:00:00,29170.053
2019-01-28 07:00:00,31334.707
2019-01-28 08:00:00,33900.02
2019-01-28 09:00:00,33963.633
2019-01-28 10:00:00,33780.31
2019-01-28 11:00:00,33389.715
2019-01-28 12:00:00,33382.8
2019-01-28 13:00:00,33415.31
2019-01-28 14:00:00,33457.293
2019-01-28 15:00:00,33458.094
2019-01-28 16:00:00,33518.164
2019-01-28 17:00:00,34135.656
2019-01-28 18:00:00,35528.195
2019-01-28 19:00:00,35926.824
2019-01-28 20:00:00,35459.957
2019-01-28 21:00:00,35037.805
2019-01-28 22:00:00,33999.586
2019-01-28 23:00:00,32594.863
2019-01-29 00:00:00,29213.97
2019-01-29 01:00:00,28950.055
2019-01-29 02:00:00,28756.662
2019-01-29 03:00:00,28792.914
2019-01-29 04:00:00,28838.566
2019-01-29 05:00:00,28980.523
2019-01-29 06:00:00,29647.945
2019-01-29 07:00:00,34010.844
2019-01-29 08:00:00,35616.734
2019-01-29 09:00:00,35287.836
2019-01-29 10:00:00,34893.5
2019-01-29 11:00:00,34634.895
2019-01-29 12:00:00,34579.17
2019-01-29 13:00:00,34515.11
2019-01-29 14:00:00,34325.402
2019-01-29 15:00:00,34234.168
2019-01-29 16:00:00,34324.594
2019-01-29 17:00:00,34511.637
2019-01-29 18:00:00,36020.09
2019-01-29 19:00:00,36556.52
2019-01-29 20:00:00,36506.26
2019-01-29 21:00:00,36176.164
2019-01-29 22:00:00,34992.125
2019-01-29 23:00:00,33702.332
2019-01-30 00:00:00,31396.014
2019-01-30 01:00:00,31109.697
2019-01-30 02:00:00,30593.957
2019-01-30 03:00:00,30566.824
2019-01-30 04:00:00,30781.117
2019-01-30 05:00:00,31403.309
2019-01-30 06:00:00,32296.156
2019-01-30 07:00:00,34932.65
2019-01-30 08:00:00,35752.89
2019-01-30 09:00:00,35724.574
2019-01-30 10:00:00,35137.73
2019-01-30 11:00:00,35129.742
2019-01-30 12:00:00,34931.406
2019-01-30 13:00:00,34459.184
2019-01-30 14:00:00,34269.04
2019-01-30 15:00:00,34202.05
2019-01-30 16:00:00,34359.99
2019-01-30 17:00:00,35040.066
2019-01-30 18:00:00,36077.293
2019-01-30 19:00:00,36419.6
2019-01-30 20:00:00,36223.47
2019-01-30 21:00:00,35126.844
2019-01-30 22:00:00,34337.484
2019-01-30 23:00:00,32998.035
2019-01-31 00:00:00,30363.45
2019-01-31 01:00:00,28971.102
2019-01-31 02:00:00,28777.822
2019-01-31 03:00:00,28715.693
2019-01-31 04:00:00,28488.408
2019-01-31 05:00:00,28694.498
2019-01-31 06:00:00,30116.648
2019-01-31 07:00:00,33184.41
2019-01-31 08:00:00,34230.285
2019-01-31 09:00:00,34166.926
2019-01-31 10:00:00,34098.15
2019-01-31 11:00:00,33818.152
2019-01-31 12:00:00,33590.25
2019-01-31 13:00:00,33546.41
2019-01-31 14:00:00,33316.383
2019-01-31 15:00:00,33213.793
2019-01-31 16:00:00,33227.09
2019-01-31 17:00:00,33869.375
2019-01-31 18:00:00,35197.906
2019-01-31 19:00:00,35808.953
2019-01-31 20:00:00,35393.887
2019-01-31 21:00:00,35057.785
2019-01-31 22:00:00,33679.105
2019-01-31 23:00:00,32456.45
2019-02-01 00:00:00,29197.553
2019-02-01 01:00:00,28783.412
2019-02-01 02:00:00,28618.365
2019-02-01 03:00:00,28572.89
2019-02-01 04:00:00,28618.365
2019-02-01 05:00:00,28877.1
2019-02-01 06:00:00,28941.658
2019-02-01 07:00:00,33749.816
2019-02-01 08:00:00,35505.027
2019-02-01 09:00:00,35652.832
2019-02-01 10:00:00,35535.03
2019-02-01 11:00:00,35520.254
2019-02-01 12:00:00,35546.465
2019-02-01 13:00:00,35210.285
2019-02-01 14:00:00,34814.785
2019-02-01 15:00:00,34634.99
2019-02-01 16:00:00,34828.848
2019-02-01 17:00:00,35507.223
2019-02-01 18:00:00,36398.242
2019-02-01 19:00:00,37049.55
2019-02-01 20:00:00,36972.535
2019-02-01 21:00:00,36376.75
2019-02-01 22:00:00,35903.1
2019-02-01 23:00:00,34670.773
2019-02-02 00:00:00,31447.2
2019-02-02 01:00:00,30984.117
2019-02-02 02:00:00,30896.207
2019-02-02 03:00:00,30730.906
2019-02-02 04:00:00,30730.906
2019-02-02 05:00:00,30925.96
2019-02-02 06:00:00,31245.95
2019-02-02 07:00:00,32978.78
2019-02-02 08:00:00,33599.445
2019-02-02 09:00:00,34113.984
2019-02-02 10:00:00,33801.766
2019-02-02 11:00:00,33539.87
2019-02-02 12:00:00,33030.953
2019-02-02 13:00:00,32644.582
2019-02-02 14:00:00,32407.709
2019-02-02 15:00:00,32178.746
2019-02-02 16:00:00,32155.502
2019-02-02 17:00:00,32680.213
2019-02-02 18:00:00,33689.785
2019-02-02 19:00:00,34613.63
2019-02-02 20:00:00,34585.23
2019-02-02 21:00:00,34197.676
2019-02-02 22:00:00,33841.18
2019-02-02 23:00:00,32761.494
2019-02-03 00:00:00,29805.352
2019-02-03 01:00:00,28667.549
2019-02-03 02:00:00,28673.541
2019-02-03 03:00:00,28543.145
2019-02-03 04:00:00,28537.08
2019-02-03 05:00:00,28639.883
2019-02-03 06:00:00,28815.938
2019-02-03 07:00:00,29893.094
2019-02-03 08:00:00,31445.154
2019-02-03 09:00:00,32059.502
2019-02-03 10:00:00,32406.13
2019-02-03 11:00:00,32382.857
2019-02-03 12:00:00,32610.193
2019-02-03 13:00:00,32656.951
2019-02-03 14:00:00,32663.342
2019-02-03 15:00:00,32791.47
2019-02-03 16:00:00,32927.184
2019-02-03 17:00:00,33083.02
2019-02-03 18:00:00,33847.39
2019-02-03 19:00:00,34299.605
2019-02-03 20:00:00,33378.027
2019-02-03 21:00:00,32926.34
2019-02-03 22:00:00,32502.14
2019-02-03 23:00:00,31919.396
2019-02-04 00:00:00,29226.416
2019-02-04 01:00:00,28970.676
2019-02-04 02:00:00,28785.604
2019-02-04 03:00:00,28721.766
2019-02-04 04:00:00,28785.604
2019-02-04 05:00:00,28883.191
2019-02-04 06:00:00,29124.998
2019-02-04 07:00:00,33432.062
2019-02-04 08:00:00,35213.54
2019-02-04 09:00:00,35145.523
2019-02-04 10:00:00,34869.35
2019-02-04 11:00:00,34230.49
2019-02-04 12:00:00,33911.973
2019-02-04 13:00:00,33636.434
2019-02-04 14:00:00,33575.38
2019-02-04 15:00:00,33418.207
2019-02-04 16:00:00,33510.145
2019-02-04 17:00:00,34296.4
2019-02-04 18:00:00,35702.29
2019-02-04 19:00:00,36575.816
2019-02-04 20:00:00,36454.88
2019-02-04 21:00:00,35826.484
2019-02-04 22:00:00,34576.375
2019-02-04 23:00:00,33609.426
2019-02-05 00:00:00,30762.703
2019-02-05 01:00:00,29972.098
2019-02-05 02:00:00,28996.025
2019-02-05 03:00:00,28968.945
2019-02-05 04:00:00,28947.998
2019-02-05 05:00:00,29866.328
2019-02-05 06:00:00,31224.031
2019-02-05 07:00:00,33801.41
2019-02-05 08:00:00,35522.586
2019-02-05 09:00:00,35504.492
2019-02-05 10:00:00,35506.094
2019-02-05 11:00:00,35543.434
2019-02-05 12:00:00,35210.23
2019-02-05 13:00:00,35042.16
2019-02-05 14:00:00,34820.934
2019-02-05 15:00:00,34579.156
2019-02-05 16:00:00,34592.453
2019-02-05 17:00:00,35098.367
2019-02-05 18:00:00,36241.64
2019-02-05 19:00:00,36669.02
2019-02-05 20:00:00,36669.02
2019-02-05 21:00:00,36130.543
2019-02-05 22:00:00,34832.492
2019-02-05 23:00:00,33739.613
2019-02-06 00:00:00,30109.44
2019-02-06 01:00:00,29121.36
2019-02-06 02:00:00,28868.1
2019-02-06 03:00:00,28809.49
2019-02-06 04:00:00,28858.668
2019-02-06 05:00:00,28963.39
2019-02-06 06:00:00,30730.951
2019-02-06 07:00:00,33946.234
2019-02-06 08:00:00,34917.85
2019-02-06 09:00:00,35365.918
2019-02-06 10:00:00,35338.023
2019-02-06 11:00:00,35352.254
2019-02-06 12:00:00,35079.492
2019-02-06 13:00:00,35101.33
2019-02-06 14:00:00,35125.22
2019-02-06 15:00:00,35096.34
2019-02-06 16:00:00,34970.203
2019-02-06 17:00:00,35283.414
2019-02-06 18:00:00,35778.523
2019-02-06 19:00:00,35905.85
2019-02-06 20:00:00,35791.93
2019-02-06 21:00:00,35523.43
2019-02-06 22:00:00,35127.895
2019-02-06 23:00:00,33737.918
2019-02-07 00:00:00,29665.264
2019-02-07 01:00:00,29498.53
2019-02-07 02:00:00,29329.158
2019-02-07 03:00:00,29286.854
2019-02-07 04:00:00,29325.492
2019-02-07 05:00:00,29306.51
2019-02-07 06:00:00,32167.238
2019-02-07 07:00:00,34572.21
2019-02-07 08:00:00,35523.41
2019-02-07 09:00:00,36232.395
2019-02-07 10:00:00,36257.38
2019-02-07 11:00:00,36262.79
2019-02-07 12:00:00,36209.824
2019-02-07 13:00:00,36046.203
2019-02-07 14:00:00,35884.152
2019-02-07 15:00:00,35574.984
2019-02-07 16:00:00,35883.69
2019-02-07 17:00:00,36503.594
2019-02-07 18:00:00,37372.47
2019-02-07 19:00:00,38042.637
2019-02-07 20:00:00,37966.27
2019-02-07 21:00:00,37583.35
2019-02-07 22:00:00,37175.375
2019-02-07 23:00:00,36217.785
2019-02-08 00:00:00,33417.21
2019-02-08 01:00:00,31264.262
2019-02-08 02:00:00,30357.842
2019-02-08 03:00:00,30236.729
2019-02-08 04:00:00,30357.842
2019-02-08 05:00:00,31718.686
2019-02-08 06:00:00,34931.63
2019-02-08 07:00:00,36896.26
2019-02-08 08:00:00,37032.84
2019-02-08 09:00:00,37062.8
2019-02-08 10:00:00,36771.55
2019-02-08 11:00:00,36589.074
2019-02-08 12:00:00,36396.906
2019-02-08 13:00:00,36064.195
2019-02-08 14:00:00,35691.434
2019-02-08 15:00:00,35613.367
2019-02-08 16:00:00,35725.074
2019-02-08 17:00:00,36338.516
2019-02-08 18:00:00,36834.387
2019-02-08 19:00:00,37260.85
2019-02-08 20:00:00,36834.387
2019-02-08 21:00:00,36674.934
2019-02-08 22:00:00,35791.176
2019-02-08 23:00:00,34037.844
2019-02-09 00:00:00,29775.807
2019-02-09 01:00:00,29432.045
2019-02-09 02:00:00,29166.498
2019-02-09 03:00:00,29063.53
2019-02-09 04:00:00,29038.344
2019-02-09 05:00:00,29120.809
2019-02-09 06:00:00,29385.477
2019-02-09 07:00:00,30725.795
2019-02-09 08:00:00,31988.041
2019-02-09 09:00:00,32546.262
2019-02-09 10:00:00,32593.725
2019-02-09 11:00:00,32715.834
2019-02-09 12:00:00,32808.71
2019-02-09 13:00:00,32849.973
2019-02-09 14:00:00,32731.693
2019-02-09 15:00:00,32699.994
2019-02-09 16:00:00,32510.783
2019-02-09 17:00:00,32763.885
2019-02-09 18:00:00,33521.312
2019-02-09 19:00:00,33622.074
2019-02-09 20:00:00,33382.547
2019-02-09 21:00:00,32906.316
2019-02-09 22:00:00,32484.13
2019-02-09 23:00:00,31382.832
2019-02-10 00:00:00,29457.08
2019-02-10 01:00:00,28393.693
2019-02-10 02:00:00,27523.424
2019-02-10 03:00:00,27151.484
2019-02-10 04:00:00,26935.588
2019-02-10 05:00:00,27097.941
2019-02-10 06:00:00,27575.412
2019-02-10 07:00:00,28712.564
2019-02-10 08:00:00,29238.428
2019-02-10 09:00:00,30663.238
2019-02-10 10:00:00,31615.693
2019-02-10 11:00:00,31876.904
2019-02-10 12:00:00,32323.504
2019-02-10 13:00:00,32414.32
2019-02-10 14:00:00,32239.045
2019-02-10 15:00:00,31985.46
2019-02-10 16:00:00,31931.94
2019-02-10 17:00:00,32306.549
2019-02-10 18:00:00,33250.934
2019-02-10 19:00:00,33704.6
2019-02-10 20:00:00,33627.42
2019-02-10 21:00:00,32784.72
2019-02-10 22:00:00,31922.197
2019-02-10 23:00:00,30625.492
2019-02-11 00:00:00,28926.285
2019-02-11 01:00:00,27832.766
2019-02-11 02:00:00,27525.875
2019-02-11 03:00:00,27407.37
2019-02-11 04:00:00,27385.775
2019-02-11 05:00:00,27725.615
2019-02-11 06:00:00,29002.791
2019-02-11 07:00:00,32128.506
2019-02-11 08:00:00,33789.32
2019-02-11 09:00:00,34837.004
2019-02-11 10:00:00,35259.97
2019-02-11 11:00:00,35317.836
2019-02-11 12:00:00,35407.156
2019-02-11 13:00:00,34789.805
2019-02-11 14:00:00,34132.918
2019-02-11 15:00:00,33814.195
2019-02-11 16:00:00,33827.492
2019-02-11 17:00:00,34205.05
2019-02-11 18:00:00,36118.934
2019-02-11 19:00:00,37237.69
2019-02-11 20:00:00,36890.223
2019-02-11 21:00:00,36623.49
2019-02-11 22:00:00,35648.16
2019-02-11 23:00:00,33629.15
2019-02-12 00:00:00,29875.58
2019-02-12 01:00:00,29525.793
2019-02-12 02:00:00,29138.373
2019-02-12 03:00:00,29148.883
2019-02-12 04:00:00,29173.453
2019-02-12 05:00:00,29098.57
2019-02-12 06:00:00,29979.613
2019-02-12 07:00:00,34687.387
2019-02-12 08:00:00,35574.324
2019-02-12 09:00:00,35415.492
2019-02-12 10:00:00,35465.94
2019-02-12 11:00:00,34977.875
2019-02-12 12:00:00,34330.547
2019-02-12 13:00:00,33794.516
2019-02-12 14:00:00,33388.79
2019-02-12 15:00:00,33142.855
2019-02-12 16:00:00,33374.844
2019-02-12 17:00:00,33775.71
2019-02-12 18:00:00,35177.83
2019-02-12 19:00:00,36507.2
2019-02-12 20:00:00,36259.29
2019-02-12 21:00:00,35851.766
2019-02-12 22:00:00,34504.258
2019-02-12 23:00:00,32977.55
2019-02-13 00:00:00,29552.932
2019-02-13 01:00:00,29063.28
2019-02-13 02:00:00,28748.459
2019-02-13 03:00:00,28738.152
2019-02-13 04:00:00,28742.389
2019-02-13 05:00:00,28943.203
2019-02-13 06:00:00,29110.223
2019-02-13 07:00:00,34037.4
2019-02-13 08:00:00,35222.227
2019-02-13 09:00:00,34795.5
2019-02-13 10:00:00,34267.68
2019-02-13 11:00:00,33827.57
2019-02-13 12:00:00,33387.023
2019-02-13 13:00:00,33019.69
2019-02-13 14:00:00,33009.293
2019-02-13 15:00:00,32819.95
2019-02-13 16:00:00,33005.5
2019-02-13 17:00:00,33469.574
2019-02-13 18:00:00,35152.94
2019-02-13 19:00:00,35959.684
2019-02-13 20:00:00,35614.594
2019-02-13 21:00:00,35245.152
2019-02-13 22:00:00,33526.56
2019-02-13 23:00:00,32144.54
2019-02-14 00:00:00,29196.242
2019-02-14 01:00:00,28604.475
2019-02-14 02:00:00,28178.402
2019-02-14 03:00:00,27938.523
2019-02-14 04:00:00,27962.824
2019-02-14 05:00:00,28301.031
2019-02-14 06:00:00,29230.492
2019-02-14 07:00:00,31989.84
2019-02-14 08:00:00,33491.14
2019-02-14 09:00:00,33642.72
2019-02-14 10:00:00,33480.18
2019-02-14 11:00:00,33289.44
2019-02-14 12:00:00,33142.543
2019-02-14 13:00:00,33043.27
2019-02-14 14:00:00,32898.156
2019-02-14 15:00:00,32889.285
2019-02-14 16:00:00,32917.94
2019-02-14 17:00:00,33117.47
2019-02-14 18:00:00,33840.35
2019-02-14 19:00:00,34936.008
2019-02-14 20:00:00,34430.008
2019-02-14 21:00:00,34212.85
2019-02-14 22:00:00,33622.566
2019-02-14 23:00:00,32014.621
2019-02-15 00:00:00,28580.549
2019-02-15 01:00:00,27621.396
2019-02-15 02:00:00,27303.209
2019-02-15 03:00:00,26886.504
2019-02-15 04:00:00,26846.11
2019-02-15 05:00:00,27277.996
2019-02-15 06:00:00,29204.492
2019-02-15 07:00:00,31806.797
2019-02-15 08:00:00,33357.21
2019-02-15 09:00:00,33467.45
2019-02-15 10:00:00,33319.4
2019-02-15 11:00:00,33293.64
2019-02-15 12:00:00,33245.535
2019-02-15 13:00:00,32921.473
2019-02-15 14:00:00,32849.23
2019-02-15 15:00:00,32798.73
2019-02-15 16:00:00,32812.027
2019-02-15 17:00:00,32952.13
2019-02-15 18:00:00,33571.29
2019-02-15 19:00:00,34504.25
2019-02-15 20:00:00,34244.38
2019-02-15 21:00:00,33772.824
2019-02-15 22:00:00,33076.63
2019-02-15 23:00:00,32074.572
2019-02-16 00:00:00,29141.941
2019-02-16 01:00:00,28507.393
2019-02-16 02:00:00,28055.566
2019-02-16 03:00:00,28039.316
2019-02-16 04:00:00,27992.096
2019-02-16 05:00:00,28200.826
2019-02-16 06:00:00,28509.236
2019-02-16 07:00:00,29464.62
2019-02-16 08:00:00,30955.871
2019-02-16 09:00:00,31690.53
2019-02-16 10:00:00,31438.818
2019-02-16 11:00:00,31242.322
2019-02-16 12:00:00,30287.705
2019-02-16 13:00:00,30089.35
2019-02-16 14:00:00,30447.441
2019-02-16 15:00:00,30587.504
2019-02-16 16:00:00,31105.213
2019-02-16 17:00:00,31537.822
2019-02-16 18:00:00,31974.186
2019-02-16 19:00:00,32759.992
2019-02-16 20:00:00,32731.85
2019-02-16 21:00:00,32152.793
2019-02-16 22:00:00,31597.223
2019-02-16 23:00:00,30927.664
2019-02-17 00:00:00,28723.195
2019-02-17 01:00:00,27408.035
2019-02-17 02:00:00,27127.709
2019-02-17 03:00:00,26535.35
2019-02-17 04:00:00,26517.85
2019-02-17 05:00:00,26678.852
2019-02-17 06:00:00,27303.889
2019-02-17 07:00:00,28005.209
2019-02-17 08:00:00,29454.727
2019-02-17 09:00:00,30278.352
2019-02-17 10:00:00,30308.064
2019-02-17 11:00:00,29851.121
2019-02-17 12:00:00,29872.252
2019-02-17 13:00:00,28801.396
2019-02-17 14:00:00,28484.043
2019-02-17 15:00:00,28262.045
2019-02-17 16:00:00,28338.404
2019-02-17 17:00:00,29183.994
2019-02-17 18:00:00,31240.92
2019-02-17 19:00:00,31903.99
2019-02-17 20:00:00,31963.875
2019-02-17 21:00:00,31764.637
2019-02-17 22:00:00,31280.656
2019-02-17 23:00:00,30375.438
2019-02-18 00:00:00,28898.08
2019-02-18 01:00:00,27854.518
2019-02-18 02:00:00,27536.023
2019-02-18 03:00:00,27473.844
2019-02-18 04:00:00,27536.023
2019-02-18 05:00:00,28054.486
2019-02-18 06:00:00,28928.43
2019-02-18 07:00:00,30455.941
2019-02-18 08:00:00,32414.527
2019-02-18 09:00:00,32826.52
2019-02-18 10:00:00,32795.125
2019-02-18 11:00:00,32569.63
2019-02-18 12:00:00,32587.576
2019-02-18 13:00:00,32619.365
2019-02-18 14:00:00,32550.342
2019-02-18 15:00:00,32431.35
2019-02-18 16:00:00,32318.932
2019-02-18 17:00:00,32617.043
2019-02-18 18:00:00,33275.383
2019-02-18 19:00:00,34243.223
2019-02-18 20:00:00,34125.957
2019-02-18 21:00:00,33534.74
2019-02-18 22:00:00,32732.191
2019-02-18 23:00:00,30995.436
2019-02-19 00:00:00,28749.268
2019-02-19 01:00:00,27905.244
2019-02-19 02:00:00,27366.064
2019-02-19 03:00:00,27180.895
2019-02-19 04:00:00,27210.016
2019-02-19 05:00:00,27834.674
2019-02-19 06:00:00,28666.627
2019-02-19 07:00:00,30728.229
2019-02-19 08:00:00,32634.412
2019-02-19 09:00:00,32936.516
2019-02-19 10:00:00,32694.473
2019-02-19 11:00:00,32520.438
2019-02-19 12:00:00,32269.703
2019-02-19 13:00:00,31935.297
2019-02-19 14:00:00,31861.76
2019-02-19 15:00:00,31806.42
2019-02-19 16:00:00,31893.951
2019-02-19 17:00:00,32261.707
2019-02-19 18:00:00,32963.535
2019-02-19 19:00:00,33925.863
2019-02-19 20:00:00,33758.438
2019-02-19 21:00:00,33184.773
2019-02-19 22:00:00,32072.244
2019-02-19 23:00:00,29775.156
2019-02-20 00:00:00,27776.525
2019-02-20 01:00:00,26613.277
2019-02-20 02:00:00,25764.459
2019-02-20 03:00:00,25639.688
2019-02-20 04:00:00,25639.688
2019-02-20 05:00:00,25983.229
2019-02-20 06:00:00,27496.787
2019-02-20 07:00:00,29898.062
2019-02-20 08:00:00,31565.773
2019-02-20 09:00:00,31984.021
2019-02-20 10:00:00,31676.607
2019-02-20 11:00:00,31576.621
2019-02-20 12:00:00,31426.373
2019-02-20 13:00:00,31052.674
2019-02-20 14:00:00,31244.4
2019-02-20 15:00:00,31020.795
2019-02-20 16:00:00,31220.566
2019-02-20 17:00:00,31843.426
2019-02-20 18:00:00,32392.48
2019-02-20 19:00:00,33032.79
2019-02-20 20:00:00,32660.033
2019-02-20 21:00:00,31950.549
2019-02-20 22:00:00,30737.61
2019-02-20 23:00:00,28226.168
2019-02-21 00:00:00,27364.367
2019-02-21 01:00:00,25750.797
2019-02-21 02:00:00,24873.496
2019-02-21 03:00:00,24355.172
2019-02-21 04:00:00,24355.172
2019-02-21 05:00:00,25110.766
2019-02-21 06:00:00,26959.273
2019-02-21 07:00:00,29142.182
2019-02-21 08:00:00,31029.504
2019-02-21 09:00:00,31682.09
2019-02-21 10:00:00,31850.555
2019-02-21 11:00:00,32021.404
2019-02-21 12:00:00,31999.705
2019-02-21 13:00:00,31778.594
2019-02-21 14:00:00,31891.457
2019-02-21 15:00:00,31844.49
2019-02-21 16:00:00,32001.209
2019-02-21 17:00:00,32518.064
2019-02-21 18:00:00,33419.242
2019-02-21 19:00:00,34169.836
2019-02-21 20:00:00,33992.26
2019-02-21 21:00:00,33338.312
2019-02-21 22:00:00,32141.668
2019-02-21 23:00:00,30839.176
2019-02-22 00:00:00,28338.332
2019-02-22 01:00:00,27067.709
2019-02-22 02:00:00,26694.37
2019-02-22 03:00:00,26598.95
2019-02-22 04:00:00,26601.4
2019-02-22 05:00:00,26984.463
2019-02-22 06:00:00,28237.975
2019-02-22 07:00:00,30139.34
2019-02-22 08:00:00,32711.955
2019-02-22 09:00:00,33187.293
2019-02-22 10:00:00,33112.723
2019-02-22 11:00:00,32926.855
2019-02-22 12:00:00,32948.844
2019-02-22 13:00:00,32625.324
2019-02-22 14:00:00,32414.828
2019-02-22 15:00:00,32287.65
2019-02-22 16:00:00,32176.271
2019-02-22 17:00:00,32496.88
2019-02-22 18:00:00,33353.0
2019-02-22 19:00:00,34108.758
2019-02-22 20:00:00,33627.062
2019-02-22 21:00:00,32731.518
2019-02-22 22:00:00,31929.701
2019-02-22 23:00:00,30749.635
2019-02-23 00:00:00,28040.42
2019-02-23 01:00:00,26880.775
2019-02-23 02:00:00,26097.143
2019-02-23 03:00:00,25786.436
2019-02-23 04:00:00,25680.234
2019-02-23 05:00:00,25790.191
2019-02-23 06:00:00,26168.248
2019-02-23 07:00:00,27076.373
2019-02-23 08:00:00,28041.516
2019-02-23 09:00:00,29226.453
2019-02-23 10:00:00,29932.295
2019-02-23 11:00:00,29906.783
2019-02-23 12:00:00,29851.412
2019-02-23 13:00:00,29679.057
2019-02-23 14:00:00,29075.838
2019-02-23 15:00:00,29039.127
2019-02-23 16:00:00,28981.838
2019-02-23 17:00:00,29331.889
2019-02-23 18:00:00,30430.268
2019-02-23 19:00:00,31082.69
2019-02-23 20:00:00,30990.885
2019-02-23 21:00:00,30610.857
2019-02-23 22:00:00,29711.72
2019-02-23 23:00:00,28379.047
2019-02-24 00:00:00,27165.637
2019-02-24 01:00:00,26036.271
2019-02-24 02:00:00,25440.965
2019-02-24 03:00:00,25245.516
2019-02-24 04:00:00,25245.516
2019-02-24 05:00:00,25375.547
2019-02-24 06:00:00,25847.309
2019-02-24 07:00:00,26577.54
2019-02-24 08:00:00,27259.46
2019-02-24 09:00:00,28286.436
2019-02-24 10:00:00,28699.264
2019-02-24 11:00:00,29219.553
2019-02-24 12:00:00,29147.87
2019-02-24 13:00:00,29024.6
2019-02-24 14:00:00,28831.064
2019-02-24 15:00:00,28488.24
2019-02-24 16:00:00,28595.264
2019-02-24 17:00:00,29112.592
2019-02-24 18:00:00,30101.094
2019-02-24 19:00:00,31542.725
2019-02-24 20:00:00,31550.502
2019-02-24 21:00:00,31132.209
2019-02-24 22:00:00,29920.268
2019-02-24 23:00:00,28478.406
2019-02-25 00:00:00,27702.168
2019-02-25 01:00:00,26775.336
2019-02-25 02:00:00,25896.82
2019-02-25 03:00:00,25792.309
2019-02-25 04:00:00,26028.545
2019-02-25 05:00:00,26699.19
2019-02-25 06:00:00,28137.926
2019-02-25 07:00:00,30559.523
2019-02-25 08:00:00,32092.398
2019-02-25 09:00:00,32524.93
2019-02-25 10:00:00,32444.61
2019-02-25 11:00:00,32262.904
2019-02-25 12:00:00,31930.596
2019-02-25 13:00:00,31445.363
2019-02-25 14:00:00,31325.639
2019-02-25 15:00:00,30987.25
2019-02-25 16:00:00,30931.004
2019-02-25 17:00:00,31284.0
2019-02-25 18:00:00,32177.225
2019-02-25 19:00:00,33378.332
2019-02-25 20:00:00,33400.094
2019-02-25 21:00:00,32928.16
2019-02-25 22:00:00,31898.783
2019-02-25 23:00:00,30579.424
2019-02-26 00:00:00,28388.871
2019-02-26 01:00:00,27520.76
2019-02-26 02:00:00,26743.21
2019-02-26 03:00:00,26613.379
2019-02-26 04:00:00,26824.738
2019-02-26 05:00:00,27832.785
2019-02-26 06:00:00,28580.031
2019-02-26 07:00:00,31660.43
2019-02-26 08:00:00,32632.43
2019-02-26 09:00:00,32251.148
2019-02-26 10:00:00,31663.877
2019-02-26 11:00:00,31174.914
2019-02-26 12:00:00,30406.756
2019-02-26 13:00:00,29795.047
2019-02-26 14:00:00,29355.518
2019-02-26 15:00:00,29374.412
2019-02-26 16:00:00,29523.967
2019-02-26 17:00:00,30503.338
2019-02-26 18:00:00,31471.264
2019-02-26 19:00:00,32895.797
2019-02-26 20:00:00,32676.06
2019-02-26 21:00:00,32354.797
2019-02-26 22:00:00,31550.088
2019-02-26 23:00:00,29602.281
2019-02-27 00:00:00,27902.623
2019-02-27 01:00:00,26472.295
2019-02-27 02:00:00,25804.21
2019-02-27 03:00:00,25689.832
2019-02-27 04:00:00,25711.28
2019-02-27 05:00:00,26290.555
2019-02-27 06:00:00,28144.436
2019-02-27 07:00:00,29632.006
2019-02-27 08:00:00,31835.621
2019-02-27 09:00:00,32004.48
2019-02-27 10:00:00,31846.205
2019-02-27 11:00:00,31511.988
2019-02-27 12:00:00,30862.424
2019-02-27 13:00:00,30514.793
2019-02-27 14:00:00,30135.098
2019-02-27 15:00:00,30153.992
2019-02-27 16:00:00,30563.055
2019-02-27 17:00:00,31109.715
2019-02-27 18:00:00,32130.559
2019-02-27 19:00:00,32957.867
2019-02-27 20:00:00,32746.68
2019-02-27 21:00:00,32586.203
2019-02-27 22:00:00,31435.19
2019-02-27 23:00:00,29650.89
2019-02-28 00:00:00,27335.49
2019-02-28 01:00:00,26401.89
2019-02-28 02:00:00,25851.367
2019-02-28 03:00:00,25692.037
2019-02-28 04:00:00,25766.627
2019-02-28 05:00:00,26258.812
2019-02-28 06:00:00,28059.701
2019-02-28 07:00:00,30370.725
2019-02-28 08:00:00,32142.576
2019-02-28 09:00:00,32453.73
2019-02-28 10:00:00,32085.285
2019-02-28 11:00:00,31999.719
2019-02-28 12:00:00,31837.922
2019-02-28 13:00:00,31695.27
2019-02-28 14:00:00,31711.34
2019-02-28 15:00:00,31608.668
2019-02-28 16:00:00,31783.742
2019-02-28 17:00:00,32144.96
2019-02-28 18:00:00,32942.555
2019-02-28 19:00:00,34079.04
2019-02-28 20:00:00,33993.586
2019-02-28 21:00:00,33360.688
2019-02-28 22:00:00,32414.771
2019-02-28 23:00:00,30606.984
2019-03-01 00:00:00,28331.469
2019-03-01 01:00:00,27498.57
2019-03-01 02:00:00,27062.182
2019-03-01 03:00:00,26919.889
2019-03-01 04:00:00,27149.338
2019-03-01 05:00:00,27672.213
2019-03-01 06:00:00,28600.285
2019-03-01 07:00:00,31328.424
2019-03-01 08:00:00,33549.105
2019-03-01 09:00:00,34418.727
2019-03-01 10:00:00,34319.184
2019-03-01 11:00:00,34436.848
2019-03-01 12:00:00,34140.523
2019-03-01 13:00:00,33876.883
2019-03-01 14:00:00,33785.55
2019-03-01 15:00:00,33454.887
2019-03-01 16:00:00,33352.508
2019-03-01 17:00:00,33414.863
2019-03-01 18:00:00,34217.688
2019-03-01 19:00:00,35415.883
2019-03-01 20:00:00,34877.535
2019-03-01 21:00:00,34232.617
2019-03-01 22:00:00,33034.4
2019-03-01 23:00:00,31978.496
2019-03-02 00:00:00,28737.865
2019-03-02 01:00:00,28074.426
2019-03-02 02:00:00,27737.54
2019-03-02 03:00:00,27542.283
2019-03-02 04:00:00,27526.965
2019-03-02 05:00:00,27643.84
2019-03-02 06:00:00,28010.367
2019-03-02 07:00:00,29095.746
2019-03-02 08:00:00,30745.629
2019-03-02 09:00:00,31450.572
2019-03-02 10:00:00,31462.95
2019-03-02 11:00:00,30927.494
2019-03-02 12:00:00,30608.457
2019-03-02 13:00:00,29688.914
2019-03-02 14:00:00,29302.441
2019-03-02 15:00:00,28840.328
2019-03-02 16:00:00,29008.23
2019-03-02 17:00:00,29683.89
2019-03-02 18:00:00,30995.266
2019-03-02 19:00:00,32294.885
2019-03-02 20:00:00,32365.814
2019-03-02 21:00:00,32286.55
2019-03-02 22:00:00,31627.271
2019-03-02 23:00:00,31296.273
2019-03-03 00:00:00,28451.805
2019-03-03 01:00:00,27657.809
2019-03-03 02:00:00,27353.63
2019-03-03 03:00:00,27139.973
2019-03-03 04:00:00,27103.076
2019-03-03 05:00:00,27252.412
2019-03-03 06:00:00,27620.416
2019-03-03 07:00:00,29068.092
2019-03-03 08:00:00,30104.828
2019-03-03 09:00:00,30938.29
2019-03-03 10:00:00,30581.73
2019-03-03 11:00:00,30265.092
2019-03-03 12:00:00,29296.562
2019-03-03 13:00:00,28696.533
2019-03-03 14:00:00,28133.123
2019-03-03 15:00:00,27741.57
2019-03-03 16:00:00,27844.236
2019-03-03 17:00:00,28860.828
2019-03-03 18:00:00,30761.582
2019-03-03 19:00:00,32324.424
2019-03-03 20:00:00,32769.816
2019-03-03 21:00:00,32679.643
2019-03-03 22:00:00,31954.629
2019-03-03 23:00:00,31119.17
2019-03-04 00:00:00,28784.102
2019-03-04 01:00:00,28374.459
2019-03-04 02:00:00,28105.414
2019-03-04 03:00:00,28105.414
2019-03-04 04:00:00,28219.752
2019-03-04 05:00:00,28398.02
2019-03-04 06:00:00,28825.332
2019-03-04 07:00:00,33645.016
2019-03-04 08:00:00,34747.84
2019-03-04 09:00:00,33491.51
2019-03-04 10:00:00,32906.977
2019-03-04 11:00:00,32404.477
2019-03-04 12:00:00,32165.65
2019-03-04 13:00:00,31622.428
2019-03-04 14:00:00,31385.6
2019-03-04 15:00:00,30992.428
2019-03-04 16:00:00,31033.924
2019-03-04 17:00:00,31549.719
2019-03-04 18:00:00,32567.902
2019-03-04 19:00:00,33502.2
2019-03-04 20:00:00,33782.32
2019-03-04 21:00:00,33287.58
2019-03-04 22:00:00,32582.285
2019-03-04 23:00:00,31120.285
2019-03-05 00:00:00,28514.148
2019-03-05 01:00:00,27454.404
2019-03-05 02:00:00,26826.379
2019-03-05 03:00:00,26650.578
2019-03-05 04:00:00,26650.578
2019-03-05 05:00:00,27726.025
2019-03-05 06:00:00,28457.186
2019-03-05 07:00:00,31754.004
2019-03-05 08:00:00,32808.215
2019-03-05 09:00:00,32741.246
2019-03-05 10:00:00,32500.553
2019-03-05 11:00:00,32082.625
2019-03-05 12:00:00,31461.57
2019-03-05 13:00:00,30985.662
2019-03-05 14:00:00,30921.338
2019-03-05 15:00:00,30858.074
2019-03-05 16:00:00,31248.65
2019-03-05 17:00:00,31525.293
2019-03-05 18:00:00,32093.852
2019-03-05 19:00:00,33088.453
2019-03-05 20:00:00,32985.08
2019-03-05 21:00:00,32558.475
2019-03-05 22:00:00,31728.506
2019-03-05 23:00:00,30670.482
2019-03-06 00:00:00,27949.762
2019-03-06 01:00:00,26713.49
2019-03-06 02:00:00,26394.676
2019-03-06 03:00:00,26332.496
2019-03-06 04:00:00,26332.496
2019-03-06 05:00:00,26534.79
2019-03-06 06:00:00,28091.541
2019-03-06 07:00:00,30093.016
2019-03-06 08:00:00,32020.61
2019-03-06 09:00:00,32235.613
2019-03-06 10:00:00,32272.197
2019-03-06 11:00:00,32300.271
2019-03-06 12:00:00,32332.785
2019-03-06 13:00:00,32270.336
2019-03-06 14:00:00,32286.406
2019-03-06 15:00:00,32054.688
2019-03-06 16:00:00,31742.115
2019-03-06 17:00:00,31868.953
2019-03-06 18:00:00,32351.36
2019-03-06 19:00:00,32848.473
2019-03-06 20:00:00,32985.08
2019-03-06 21:00:00,32527.387
2019-03-06 22:00:00,31728.506
2019-03-06 23:00:00,30251.44
2019-03-07 00:00:00,27918.402
2019-03-07 01:00:00,26674.13
2019-03-07 02:00:00,26394.676
2019-03-07 03:00:00,26332.496
2019-03-07 04:00:00,26394.676
2019-03-07 05:00:00,26571.215
2019-03-07 06:00:00,27545.59
2019-03-07 07:00:00,30777.2
2019-03-07 08:00:00,31927.525
2019-03-07 09:00:00,31929.658
2019-03-07 10:00:00,31879.582
2019-03-07 11:00:00,31556.748
2019-03-07 12:00:00,31615.305
2019-03-07 13:00:00,31481.615
2019-03-07 14:00:00,31497.686
2019-03-07 15:00:00,31579.9
2019-03-07 16:00:00,31593.197
2019-03-07 17:00:00,32008.555
2019-03-07 18:00:00,32492.117
2019-03-07 19:00:00,33148.54
2019-03-07 20:00:00,33118.047
2019-03-07 21:00:00,32967.56
2019-03-07 22:00:00,32162.807
2019-03-07 23:00:00,31200.775
2019-03-08 00:00:00,27684.785
2019-03-08 01:00:00,26950.973
2019-03-08 02:00:00,26619.979
2019-03-08 03:00:00,26420.771
2019-03-08 04:00:00,26619.979
2019-03-08 05:00:00,26981.719
2019-03-08 06:00:00,27291.521
2019-03-08 07:00:00,31110.25
2019-03-08 08:00:00,32130.896
2019-03-08 09:00:00,32445.766
2019-03-08 10:00:00,32747.793
2019-03-08 11:00:00,32793.574
2019-03-08 12:00:00,32492.225
2019-03-08 13:00:00,32242.639
2019-03-08 14:00:00,31836.812
2019-03-08 15:00:00,31592.904
2019-03-08 16:00:00,31483.521
2019-03-08 17:00:00,31741.607
2019-03-08 18:00:00,32523.68
2019-03-08 19:00:00,33163.35
2019-03-08 20:00:00,33312.207
2019-03-08 21:00:00,33080.824
2019-03-08 22:00:00,32359.996
2019-03-08 23:00:00,31471.969
2019-03-09 00:00:00,27638.727
2019-03-09 01:00:00,26802.773
2019-03-09 02:00:00,26589.035
2019-03-09 03:00:00,26444.836
2019-03-09 04:00:00,26444.836
2019-03-09 05:00:00,26592.537
2019-03-09 06:00:00,26861.555
2019-03-09 07:00:00,28127.334
2019-03-09 08:00:00,30394.9
2019-03-09 09:00:00,30905.049
2019-03-09 10:00:00,31029.303
2019-03-09 11:00:00,31015.783
2019-03-09 12:00:00,30446.2
2019-03-09 13:00:00,29754.027
2019-03-09 14:00:00,28937.008
2019-03-09 15:00:00,28388.516
2019-03-09 16:00:00,28401.812
2019-03-09 17:00:00,28991.588
2019-03-09 18:00:00,29931.318
2019-03-09 19:00:00,31268.219
2019-03-09 20:00:00,32045.549
2019-03-09 21:00:00,31647.506
2019-03-09 22:00:00,31035.24
2019-03-09 23:00:00,30052.447
2019-03-10 00:00:00,27191.828
2019-03-10 01:00:00,26435.816
2019-03-10 02:00:00,26224.389
2019-03-10 03:00:00,24728.547
2019-03-10 04:00:00,26099.754
2019-03-10 05:00:00,26223.533
2019-03-10 06:00:00,26410.953
2019-03-10 07:00:00,27475.963
2019-03-10 08:00:00,28801.047
2019-03-10 09:00:00,29641.275
2019-03-10 10:00:00,29370.867
2019-03-10 11:00:00,29301.346
2019-03-10 12:00:00,28382.604
2019-03-10 13:00:00,28073.686
2019-03-10 14:00:00,27796.79
2019-03-10 15:00:00,27033.527
2019-03-10 16:00:00,27005.389
2019-03-10 17:00:00,27020.709
2019-03-10 18:00:00,27867.324
2019-03-10 19:00:00,28931.736
2019-03-10 20:00:00,31230.564
2019-03-10 21:00:00,31539.752
2019-03-10 22:00:00,31051.31
2019-03-10 23:00:00,30084.006
2019-03-11 00:00:00,27348.71
2019-03-11 01:00:00,26601.8
2019-03-11 02:00:00,26397.346
2019-03-11 03:00:00,26397.346
2019-03-11 04:00:00,26459.525
2019-03-11 05:00:00,26655.43
2019-03-11 06:00:00,28748.967
2019-03-11 07:00:00,32639.016
2019-03-11 08:00:00,33602.582
2019-03-11 09:00:00,33588.383
2019-03-11 10:00:00,33461.69
2019-03-11 11:00:00,33394.965
2019-03-11 12:00:00,32778.844
2019-03-11 13:00:00,32489.629
2019-03-11 14:00:00,32311.482
2019-03-11 15:00:00,32127.9
2019-03-11 16:00:00,32141.197
2019-03-11 17:00:00,32237.365
2019-03-11 18:00:00,32804.426
2019-03-11 19:00:00,33051.066
2019-03-11 20:00:00,34228.582
2019-03-11 21:00:00,33869.387
2019-03-11 22:00:00,32728.574
2019-03-11 23:00:00,31578.854
2019-03-12 00:00:00,27941.342
2019-03-12 01:00:00,27308.934
2019-03-12 02:00:00,26957.99
2019-03-12 03:00:00,26703.693
2019-03-12 04:00:00,26703.693
2019-03-12 05:00:00,27120.514
2019-03-12 06:00:00,27767.184
2019-03-12 07:00:00,31441.33
2019-03-12 08:00:00,33116.168
2019-03-12 09:00:00,33283.816
2019-03-12 10:00:00,33243.1
2019-03-12 11:00:00,33219.223
2019-03-12 12:00:00,32938.14
2019-03-12 13:00:00,32628.043
2019-03-12 14:00:00,32280.432
2019-03-12 15:00:00,32121.346
2019-03-12 16:00:00,32082.56
2019-03-12 17:00:00,32032.4
2019-03-12 18:00:00,32431.611
2019-03-12 19:00:00,33005.69
2019-03-12 20:00:00,33503.598
2019-03-12 21:00:00,33503.598
2019-03-12 22:00:00,33164.49
2019-03-12 23:00:00,31919.48
2019-03-13 00:00:00,28455.332
2019-03-13 01:00:00,27471.008
2019-03-13 02:00:00,26912.828
2019-03-13 03:00:00,26760.822
2019-03-13 04:00:00,26937.318
2019-03-13 05:00:00,27474.15
2019-03-13 06:00:00,29217.096
2019-03-13 07:00:00,32910.09
2019-03-13 08:00:00,33872.043
2019-03-13 09:00:00,33925.414
2019-03-13 10:00:00,33468.008
2019-03-13 11:00:00,33364.492
2019-03-13 12:00:00,33102.715
2019-03-13 13:00:00,33024.547
2019-03-13 14:00:00,32963.67
2019-03-13 15:00:00,32953.883
2019-03-13 16:00:00,32967.18
2019-03-13 17:00:00,33063.348
2019-03-13 18:00:00,33322.234
2019-03-13 19:00:00,33411.438
2019-03-13 20:00:00,34345.324
2019-03-13 21:00:00,34267.617
2019-03-13 22:00:00,33389.992
2019-03-13 23:00:00,32530.666
2019-03-14 00:00:00,28952.3
2019-03-14 01:00:00,27756.734
2019-03-14 02:00:00,26968.846
2019-03-14 03:00:00,26890.549
2019-03-14 04:00:00,26890.549
2019-03-14 05:00:00,27368.266
2019-03-14 06:00:00,28871.875
2019-03-14 07:00:00,33033.688
2019-03-14 08:00:00,33697.78
2019-03-14 09:00:00,33549.13
2019-03-14 10:00:00,33257.17
2019-03-14 11:00:00,32979.875
2019-03-14 12:00:00,32621.072
2019-03-14 13:00:00,31748.51
2019-03-14 14:00:00,31635.873
2019-03-14 15:00:00,31587.55
2019-03-14 16:00:00,31418.182
2019-03-14 17:00:00,31533.945
2019-03-14 18:00:00,31899.625
2019-03-14 19:00:00,32177.383
2019-03-14 20:00:00,33161.855
2019-03-14 21:00:00,33257.895
2019-03-14 22:00:00,32867.426
2019-03-14 23:00:00,31384.71
2019-03-15 00:00:00,27782.34
2019-03-15 01:00:00,27075.44
2019-03-15 02:00:00,26481.512
2019-03-15 03:00:00,26407.691
2019-03-15 04:00:00,26434.742
2019-03-15 05:00:00,26795.037
2019-03-15 06:00:00,27991.105
2019-03-15 07:00:00,32588.904
2019-03-15 08:00:00,33469.9
2019-03-15 09:00:00,33400.844
2019-03-15 10:00:00,32971.863
2019-03-15 11:00:00,32481.818
2019-03-15 12:00:00,32104.234
2019-03-15 13:00:00,31396.219
2019-03-15 14:00:00,31291.3
2019-03-15 15:00:00,30731.145
2019-03-15 16:00:00,30614.543
2019-03-15 17:00:00,30614.543
2019-03-15 18:00:00,30794.121
2019-03-15 19:00:00,31382.123
2019-03-15 20:00:00,32140.932
2019-03-15 21:00:00,32482.158
2019-03-15 22:00:00,31729.951
2019-03-15 23:00:00,30835.047
2019-03-16 00:00:00,27598.715
2019-03-16 01:00:00,26797.096
2019-03-16 02:00:00,26322.354
2019-03-16 03:00:00,26089.008
2019-03-16 04:00:00,26000.258
2019-03-16 05:00:00,26215.412
2019-03-16 06:00:00,26779.887
2019-03-16 07:00:00,28126.824
2019-03-16 08:00:00,30189.477
2019-03-16 09:00:00,30662.467
2019-03-16 10:00:00,30968.912
2019-03-16 11:00:00,30830.432
2019-03-16 12:00:00,30247.201
2019-03-16 13:00:00,29636.844
2019-03-16 14:00:00,29222.768
2019-03-16 15:00:00,29039.363
2019-03-16 16:00:00,28876.283
2019-03-16 17:00:00,28993.404
2019-03-16 18:00:00,29314.975
2019-03-16 19:00:00,29654.357
2019-03-16 20:00:00,31049.83
2019-03-16 21:00:00,31203.41
2019-03-16 22:00:00,30597.559
2019-03-16 23:00:00,29417.072
2019-03-17 00:00:00,27449.275
2019-03-17 01:00:00,26694.475
2019-03-17 02:00:00,25800.227
2019-03-17 03:00:00,25663.408
2019-03-17 04:00:00,25663.408
2019-03-17 05:00:00,25821.754
2019-03-17 06:00:00,26318.562
2019-03-17 07:00:00,27235.984
2019-03-17 08:00:00,29004.28
2019-03-17 09:00:00,29487.344
2019-03-17 10:00:00,29448.432
2019-03-17 11:00:00,29469.402
2019-03-17 12:00:00,28507.941
2019-03-17 13:00:00,27520.766
2019-03-17 14:00:00,27019.719
2019-03-17 15:00:00,26669.45
2019-03-17 16:00:00,26644.744
2019-03-17 17:00:00,27043.436
2019-03-17 18:00:00,27753.54
2019-03-17 19:00:00,29042.695
2019-03-17 20:00:00,30769.605
2019-03-17 21:00:00,31515.494
2019-03-17 22:00:00,30662.11
2019-03-17 23:00:00,29130.924
2019-03-18 00:00:00,27477.432
2019-03-18 01:00:00,26474.627
2019-03-18 02:00:00,26016.63
2019-03-18 03:00:00,25850.115
2019-03-18 04:00:00,26172.246
2019-03-18 05:00:00,26965.404
2019-03-18 06:00:00,27885.217
2019-03-18 07:00:00,32046.045
2019-03-18 08:00:00,33600.99
2019-03-18 09:00:00,33427.586
2019-03-18 10:00:00,32507.312
2019-03-18 11:00:00,32041.77
2019-03-18 12:00:00,31121.518
2019-03-18 13:00:00,30611.643
2019-03-18 14:00:00,30015.424
2019-03-18 15:00:00,29684.932
2019-03-18 16:00:00,29698.229
2019-03-18 17:00:00,29889.959
2019-03-18 18:00:00,30565.785
2019-03-18 19:00:00,31118.705
2019-03-18 20:00:00,32512.094
2019-03-18 21:00:00,32777.84
2019-03-18 22:00:00,31738.787
2019-03-18 23:00:00,30264.47
2019-03-19 00:00:00,27636.314
2019-03-19 01:00:00,26542.197
2019-03-19 02:00:00,25915.527
2019-03-19 03:00:00,25748.18
2019-03-19 04:00:00,25892.111
2019-03-19 05:00:00,26665.113
2019-03-19 06:00:00,27867.875
2019-03-19 07:00:00,31317.232
2019-03-19 08:00:00,33626.2
2019-03-19 09:00:00,33401.492
2019-03-19 10:00:00,33187.34
2019-03-19 11:00:00,32828.2
2019-03-19 12:00:00,32352.748
2019-03-19 13:00:00,32006.797
2019-03-19 14:00:00,31750.559
2019-03-19 15:00:00,31750.092
2019-03-19 16:00:00,31763.389
2019-03-19 17:00:00,31802.262
2019-03-19 18:00:00,31866.379
2019-03-19 19:00:00,31944.35
2019-03-19 20:00:00,32692.645
2019-03-19 21:00:00,32646.023
2019-03-19 22:00:00,32255.129
2019-03-19 23:00:00,30646.93
2019-03-20 00:00:00,27497.973
2019-03-20 01:00:00,26636.3
2019-03-20 02:00:00,26148.23
2019-03-20 03:00:00,25628.781
2019-03-20 04:00:00,25699.51
2019-03-20 05:00:00,26330.348
2019-03-20 06:00:00,27472.879
2019-03-20 07:00:00,30512.771
2019-03-20 08:00:00,32287.28
2019-03-20 09:00:00,32670.36
2019-03-20 10:00:00,32534.879
2019-03-20 11:00:00,32639.963
2019-03-20 12:00:00,32130.508
2019-03-20 13:00:00,31882.85
2019-03-20 14:00:00,31778.205
2019-03-20 15:00:00,31791.121
2019-03-20 16:00:00,31588.797
2019-03-20 17:00:00,31684.139
2019-03-20 18:00:00,31964.15
2019-03-20 19:00:00,32234.736
2019-03-20 20:00:00,32933.633
2019-03-20 21:00:00,33362.18
2019-03-20 22:00:00,32503.906
2019-03-20 23:00:00,31238.53
2019-03-21 00:00:00,27674.072
2019-03-21 01:00:00,26744.36
2019-03-21 02:00:00,26470.916
2019-03-21 03:00:00,26331.479
2019-03-21 04:00:00,26331.479
2019-03-21 05:00:00,26619.82
2019-03-21 06:00:00,27857.36
2019-03-21 07:00:00,31974.152
2019-03-21 08:00:00,33189.26
2019-03-21 09:00:00,33243.57
2019-03-21 10:00:00,32937.875
2019-03-21 11:00:00,32551.428
2019-03-21 12:00:00,31871.367
2019-03-21 13:00:00,31444.922
2019-03-21 14:00:00,30953.77
2019-03-21 15:00:00,30601.246
2019-03-21 16:00:00,30347.502
2019-03-21 17:00:00,30469.64
2019-03-21 18:00:00,30706.957
2019-03-21 19:00:00,31100.078
2019-03-21 20:00:00,32132.361
2019-03-21 21:00:00,32430.918
2019-03-21 22:00:00,31969.273
2019-03-21 23:00:00,30389.395
2019-03-22 00:00:00,27366.045
2019-03-22 01:00:00,26243.736
2019-03-22 02:00:00,25927.398
2019-03-22 03:00:00,25899.29
2019-03-22 04:00:00,25899.29
2019-03-22 05:00:00,26148.23
2019-03-22 06:00:00,27149.59
2019-03-22 07:00:00,31392.654
2019-03-22 08:00:00,32574.258
2019-03-22 09:00:00,32333.164
2019-03-22 10:00:00,32110.912
2019-03-22 11:00:00,32048.672
2019-03-22 12:00:00,31411.262
2019-03-22 13:00:00,30297.67
2019-03-22 14:00:00,29623.193
2019-03-22 15:00:00,29293.412
2019-03-22 16:00:00,29046.455
2019-03-22 17:00:00,29425.148
2019-03-22 18:00:00,29694.39
2019-03-22 19:00:00,30204.61
2019-03-22 20:00:00,30837.803
2019-03-22 21:00:00,30879.855
2019-03-22 22:00:00,30495.988
2019-03-22 23:00:00,29126.43
2019-03-23 00:00:00,26328.936
2019-03-23 01:00:00,25244.293
2019-03-23 02:00:00,24884.86
2019-03-23 03:00:00,24575.982
2019-03-23 04:00:00,24575.982
2019-03-23 05:00:00,24884.86
2019-03-23 06:00:00,25114.24
2019-03-23 07:00:00,26378.615
2019-03-23 08:00:00,28649.7
2019-03-23 09:00:00,29230.094
2019-03-23 10:00:00,28961.98
2019-03-23 11:00:00,28620.547
2019-03-23 12:00:00,27549.521
2019-03-23 13:00:00,26483.941
2019-03-23 14:00:00,25569.139
2019-03-23 15:00:00,25101.72
2019-03-23 16:00:00,25164.941
2019-03-23 17:00:00,25257.428
2019-03-23 18:00:00,25755.285
2019-03-23 19:00:00,26654.467
2019-03-23 20:00:00,28264.703
2019-03-23 21:00:00,28770.043
2019-03-23 22:00:00,28603.553
2019-03-23 23:00:00,27580.988
2019-03-24 00:00:00,25772.283
2019-03-24 01:00:00,24540.338
2019-03-24 02:00:00,24234.758
2019-03-24 03:00:00,23982.014
2019-03-24 04:00:00,23982.014
2019-03-24 05:00:00,24208.545
2019-03-24 06:00:00,24872.658
2019-03-24 07:00:00,25095.627
2019-03-24 08:00:00,27070.914
2019-03-24 09:00:00,28203.357
2019-03-24 10:00:00,28903.773
2019-03-24 11:00:00,28741.283
2019-03-24 12:00:00,28478.188
2019-03-24 13:00:00,28123.727
2019-03-24 14:00:00,27578.717
2019-03-24 15:00:00,27040.734
2019-03-24 16:00:00,26826.965
2019-03-24 17:00:00,27247.96
2019-03-24 18:00:00,27935.48
2019-03-24 19:00:00,28823.506
2019-03-24 20:00:00,29910.875
2019-03-24 21:00:00,30313.496
2019-03-24 22:00:00,29930.396
2019-03-24 23:00:00,28287.959
2019-03-25 00:00:00,26154.117
2019-03-25 01:00:00,25369.088
2019-03-25 02:00:00,25111.22
2019-03-25 03:00:00,25078.627
2019-03-25 04:00:00,25140.809
2019-03-25 05:00:00,25613.977
2019-03-25 06:00:00,27001.812
2019-03-25 07:00:00,30844.469
2019-03-25 08:00:00,31823.143
2019-03-25 09:00:00,32258.354
2019-03-25 10:00:00,32207.55
2019-03-25 11:00:00,31957.023
2019-03-25 12:00:00,31141.836
2019-03-25 13:00:00,30545.385
2019-03-25 14:00:00,29925.209
2019-03-25 15:00:00,29403.29
2019-03-25 16:00:00,29161.758
2019-03-25 17:00:00,29118.533
2019-03-25 18:00:00,29797.059
2019-03-25 19:00:00,30158.707
2019-03-25 20:00:00,31579.525
2019-03-25 21:00:00,31753.184
2019-03-25 22:00:00,31047.951
2019-03-25 23:00:00,29334.947
2019-03-26 00:00:00,26840.197
2019-03-26 01:00:00,25549.748
2019-03-26 02:00:00,25054.668
2019-03-26 03:00:00,25007.898
2019-03-26 04:00:00,25070.078
2019-03-26 05:00:00,25557.424
2019-03-26 06:00:00,26977.662
2019-03-26 07:00:00,30696.041
2019-03-26 08:00:00,32068.756
2019-03-26 09:00:00,32033.242
2019-03-26 10:00:00,31854.729
2019-03-26 11:00:00,31464.707
2019-03-26 12:00:00,31089.676
2019-03-26 13:00:00,30821.404
2019-03-26 14:00:00,30712.25
2019-03-26 15:00:00,30443.746
2019-03-26 16:00:00,30361.975
2019-03-26 17:00:00,30782.473
2019-03-26 18:00:00,31124.041
2019-03-26 19:00:00,31372.94
2019-03-26 20:00:00,32016.197
2019-03-26 21:00:00,32080.166
2019-03-26 22:00:00,31299.756
2019-03-26 23:00:00,29392.818
2019-03-27 00:00:00,26744.383
2019-03-27 01:00:00,25151.979
2019-03-27 02:00:00,24623.994
2019-03-27 03:00:00,24462.95
2019-03-27 04:00:00,24494.309
2019-03-27 05:00:00,24911.525
2019-03-27 06:00:00,27018.588
2019-03-27 07:00:00,29414.986
2019-03-27 08:00:00,31724.74
2019-03-27 09:00:00,31874.145
2019-03-27 10:00:00,31589.36
2019-03-27 11:00:00,31199.412
2019-03-27 12:00:00,30441.107
2019-03-27 13:00:00,30078.57
2019-03-27 14:00:00,29615.854
2019-03-27 15:00:00,29395.553
2019-03-27 16:00:00,29117.773
2019-03-27 17:00:00,29421.238
2019-03-27 18:00:00,30005.738
2019-03-27 19:00:00,30337.164
2019-03-27 20:00:00,31079.643
2019-03-27 21:00:00,31273.545
2019-03-27 22:00:00,30216.041
2019-03-27 23:00:00,28134.05
2019-03-28 00:00:00,25971.693
2019-03-28 01:00:00,24734.387
2019-03-28 02:00:00,23522.453
2019-03-28 03:00:00,23327.807
2019-03-28 04:00:00,23327.807
2019-03-28 05:00:00,23885.777
2019-03-28 06:00:00,25922.33
2019-03-28 07:00:00,28301.951
2019-03-28 08:00:00,30417.926
2019-03-28 09:00:00,30857.592
2019-03-28 10:00:00,30632.352
2019-03-28 11:00:00,30291.799
2019-03-28 12:00:00,29857.549
2019-03-28 13:00:00,29345.82
2019-03-28 14:00:00,29176.871
2019-03-28 15:00:00,29006.22
2019-03-28 16:00:00,28899.666
2019-03-28 17:00:00,29028.967
2019-03-28 18:00:00,29177.018
2019-03-28 19:00:00,29214.262
2019-03-28 20:00:00,30138.49
2019-03-28 21:00:00,30498.85
2019-03-28 22:00:00,29155.564
2019-03-28 23:00:00,26951.152
2019-03-29 00:00:00,25330.893
2019-03-29 01:00:00,23797.191
2019-03-29 02:00:00,23018.67
2019-03-29 03:00:00,22750.246
2019-03-29 04:00:00,22750.246
2019-03-29 05:00:00,22960.12
2019-03-29 06:00:00,24329.326
2019-03-29 07:00:00,26648.475
2019-03-29 08:00:00,27721.773
2019-03-29 09:00:00,28857.414
2019-03-29 10:00:00,29801.705
2019-03-29 11:00:00,30372.223
2019-03-29 12:00:00,30274.885
2019-03-29 13:00:00,29682.594
2019-03-29 14:00:00,29106.432
2019-03-29 15:00:00,28487.424
2019-03-29 16:00:00,28597.885
2019-03-29 17:00:00,28913.44
2019-03-29 18:00:00,29132.992
2019-03-29 19:00:00,28949.799
2019-03-29 20:00:00,29675.012
2019-03-29 21:00:00,29828.47
2019-03-29 22:00:00,28447.684
2019-03-29 23:00:00,26856.05
2019-03-30 00:00:00,25556.771
2019-03-30 01:00:00,24055.357
2019-03-30 02:00:00,23427.068
2019-03-30 03:00:00,23171.223
2019-03-30 04:00:00,23138.629
2019-03-30 05:00:00,23317.377
2019-03-30 06:00:00,23842.914
2019-03-30 07:00:00,24659.855
2019-03-30 08:00:00,25798.266
2019-03-30 09:00:00,26489.012
2019-03-30 10:00:00,26822.691
2019-03-30 11:00:00,26474.67
2019-03-30 12:00:00,26231.072
2019-03-30 13:00:00,25503.248
2019-03-30 14:00:00,24855.299
2019-03-30 15:00:00,24533.97
2019-03-30 16:00:00,24321.088
2019-03-30 17:00:00,24548.684
2019-03-30 18:00:00,24935.688
2019-03-30 19:00:00,25530.785
2019-03-30 20:00:00,26626.521
2019-03-30 21:00:00,27487.68
2019-03-30 22:00:00,26979.281
2019-03-30 23:00:00,25537.168
2019-03-31 00:00:00,25083.646
2019-03-31 01:00:00,23476.848
2019-03-31 02:00:00,22900.531
2019-03-31 03:00:00,22390.316
2019-03-31 04:00:00,22320.18
2019-03-31 05:00:00,22339.475
2019-03-31 06:00:00,22817.826
2019-03-31 07:00:00,23866.365
2019-03-31 08:00:00,24552.385
2019-03-31 09:00:00,25563.607
2019-03-31 10:00:00,25870.203
2019-03-31 11:00:00,25744.146
2019-03-31 12:00:00,25500.215
2019-03-31 13:00:00,25196.666
2019-03-31 14:00:00,24576.854
2019-03-31 15:00:00,24100.963
2019-03-31 16:00:00,23954.162
2019-03-31 17:00:00,24034.3
2019-03-31 18:00:00,24478.707
2019-03-31 19:00:00,24946.922
2019-03-31 20:00:00,26495.229
2019-03-31 21:00:00,27554.484
2019-03-31 22:00:00,26780.846
2019-03-31 23:00:00,25505.664
2019-04-01 00:00:00,24656.807
2019-04-01 01:00:00,23303.33
2019-04-01 02:00:00,22768.11
2019-04-01 03:00:00,22647.072
2019-04-01 04:00:00,22697.914
2019-04-01 05:00:00,23528.473
2019-04-01 06:00:00,25877.678
2019-04-01 07:00:00,28397.709
2019-04-01 08:00:00,30715.193
2019-04-01 09:00:00,31308.232
2019-04-01 10:00:00,31379.703
2019-04-01 11:00:00,31180.908
2019-04-01 12:00:00,31066.215
2019-04-01 13:00:00,30579.383
2019-04-01 14:00:00,30463.969
2019-04-01 15:00:00,30280.928
2019-04-01 16:00:00,30051.879
2019-04-01 17:00:00,30051.879
2019-04-01 18:00:00,30597.713
2019-04-01 19:00:00,30943.02
2019-04-01 20:00:00,31653.484
2019-04-01 21:00:00,31831.355
2019-04-01 22:00:00,30873.076
2019-04-01 23:00:00,28881.115
2019-04-02 00:00:00,26494.348
2019-04-02 01:00:00,25064.758
2019-04-02 02:00:00,24636.494
2019-04-02 03:00:00,24374.922
2019-04-02 04:00:00,24556.97
2019-04-02 05:00:00,25031.469
2019-04-02 06:00:00,26802.59
2019-04-02 07:00:00,29267.78
2019-04-02 08:00:00,31741.99
2019-04-02 09:00:00,32188.137
2019-04-02 10:00:00,32162.523
2019-04-02 11:00:00,32031.861
2019-04-02 12:00:00,31825.02
2019-04-02 13:00:00,31609.428
2019-04-02 14:00:00,31236.361
2019-04-02 15:00:00,31077.21
2019-04-02 16:00:00,30920.854
2019-04-02 17:00:00,30920.854
2019-04-02 18:00:00,31119.879
2019-04-02 19:00:00,31250.83
2019-04-02 20:00:00,31936.055
2019-04-02 21:00:00,32268.71
2019-04-02 22:00:00,31346.031
2019-04-02 23:00:00,29199.484
2019-04-03 00:00:00,26657.21
2019-04-03 01:00:00,25419.588
2019-04-03 02:00:00,24602.023
2019-04-03 03:00:00,24407.719
2019-04-03 04:00:00,24295.072
2019-04-03 05:00:00,24857.379
2019-04-03 06:00:00,26466.508
2019-04-03 07:00:00,28912.184
2019-04-03 08:00:00,31007.344
2019-04-03 09:00:00,31153.674
2019-04-03 10:00:00,30786.408
2019-04-03 11:00:00,30686.223
2019-04-03 12:00:00,30322.736
2019-04-03 13:00:00,30035.621
2019-04-03 14:00:00,29816.205
2019-04-03 15:00:00,29257.025
2019-04-03 16:00:00,28751.088
2019-04-03 17:00:00,28753.83
2019-04-03 18:00:00,29193.574
2019-04-03 19:00:00,29885.729
2019-04-03 20:00:00,31032.283
2019-04-03 21:00:00,31762.912
2019-04-03 22:00:00,30754.404
2019-04-03 23:00:00,28911.062
2019-04-04 00:00:00,26573.844
2019-04-04 01:00:00,25234.256
2019-04-04 02:00:00,24557.627
2019-04-04 03:00:00,24267.227
2019-04-04 04:00:00,24456.072
2019-04-04 05:00:00,25000.248
2019-04-04 06:00:00,26565.14
2019-04-04 07:00:00,29690.213
2019-04-04 08:00:00,31143.54
2019-04-04 09:00:00,31598.855
2019-04-04 10:00:00,31536.83
2019-04-04 11:00:00,31343.629
2019-04-04 12:00:00,31156.098
2019-04-04 13:00:00,30583.152
2019-04-04 14:00:00,30231.447
2019-04-04 15:00:00,29675.941
2019-04-04 16:00:00,29349.855
2019-04-04 17:00:00,29349.855
2019-04-04 18:00:00,29724.797
2019-04-04 19:00:00,30226.768
2019-04-04 20:00:00,31081.281
2019-04-04 21:00:00,31554.03
2019-04-04 22:00:00,30968.156
2019-04-04 23:00:00,28756.014
2019-04-05 00:00:00,26559.03
2019-04-05 01:00:00,25259.68
2019-04-05 02:00:00,24365.666
2019-04-05 03:00:00,23946.068
2019-04-05 04:00:00,23971.668
2019-04-05 05:00:00,24762.59
2019-04-05 06:00:00,26525.367
2019-04-05 07:00:00,28937.25
2019-04-05 08:00:00,31257.184
2019-04-05 09:00:00,31776.121
2019-04-05 10:00:00,31954.098
2019-04-05 11:00:00,31538.434
2019-04-05 12:00:00,31136.543
2019-04-05 13:00:00,30546.275
2019-04-05 14:00:00,30163.037
2019-04-05 15:00:00,29064.033
2019-04-05 16:00:00,28473.883
2019-04-05 17:00:00,28529.152
2019-04-05 18:00:00,28984.754
2019-04-05 19:00:00,28984.754
2019-04-05 20:00:00,29986.127
2019-04-05 21:00:00,30449.658
2019-04-05 22:00:00,29516.412
2019-04-05 23:00:00,27789.963
2019-04-06 00:00:00,26348.854
2019-04-06 01:00:00,24701.486
2019-04-06 02:00:00,23730.836
2019-04-06 03:00:00,23225.01
2019-04-06 04:00:00,23225.01
2019-04-06 05:00:00,23405.244
2019-04-06 06:00:00,24445.846
2019-04-06 07:00:00,25905.521
2019-04-06 08:00:00,26594.535
2019-04-06 09:00:00,27895.668
2019-04-06 10:00:00,29096.057
2019-04-06 11:00:00,29727.568
2019-04-06 12:00:00,29157.883
2019-04-06 13:00:00,28819.62
2019-04-06 14:00:00,27785.857
2019-04-06 15:00:00,27023.72
2019-04-06 16:00:00,27037.018
2019-04-06 17:00:00,27219.82
2019-04-06 18:00:00,27644.217
2019-04-06 19:00:00,28438.053
2019-04-06 20:00:00,29460.074
2019-04-06 21:00:00,30179.574
2019-04-06 22:00:00,29403.021
2019-04-06 23:00:00,28363.404
2019-04-07 00:00:00,26634.709
2019-04-07 01:00:00,25224.656
2019-04-07 02:00:00,24830.842
2019-04-07 03:00:00,24531.684
2019-04-07 04:00:00,24553.13
2019-04-07 05:00:00,24751.021
2019-04-07 06:00:00,25374.809
2019-04-07 07:00:00,26217.064
2019-04-07 08:00:00,27223.516
2019-04-07 09:00:00,27907.213
2019-04-07 10:00:00,27289.803
2019-04-07 11:00:00,26913.07
2019-04-07 12:00:00,26334.963
2019-04-07 13:00:00,25360.16
2019-04-07 14:00:00,24852.68
2019-04-07 15:00:00,24660.182
2019-04-07 16:00:00,24602.064
2019-04-07 17:00:00,25154.086
2019-04-07 18:00:00,26353.678
2019-04-07 19:00:00,27335.592
2019-04-07 20:00:00,28867.346
2019-04-07 21:00:00,30136.809
2019-04-07 22:00:00,29703.633
2019-04-07 23:00:00,27734.164
2019-04-08 00:00:00,25996.357
2019-04-08 01:00:00,24775.156
2019-04-08 02:00:00,24337.422
2019-04-08 03:00:00,24239.56
2019-04-08 04:00:00,24267.227
2019-04-08 05:00:00,24951.928
2019-04-08 06:00:00,26602.988
2019-04-08 07:00:00,29927.795
2019-04-08 08:00:00,31356.549
2019-04-08 09:00:00,31828.6
2019-04-08 10:00:00,31611.148
2019-04-08 11:00:00,31115.012
2019-04-08 12:00:00,30581.965
2019-04-08 13:00:00,29891.445
2019-04-08 14:00:00,29536.12
2019-04-08 15:00:00,29216.229
2019-04-08 16:00:00,29550.96
2019-04-08 17:00:00,30144.9
2019-04-08 18:00:00,30634.48
2019-04-08 19:00:00,30861.078
2019-04-08 20:00:00,31361.025
2019-04-08 21:00:00,31650.197
2019-04-08 22:00:00,30807.598
2019-04-08 23:00:00,28532.953
2019-04-09 00:00:00,25766.176
2019-04-09 01:00:00,24460.852
2019-04-09 02:00:00,23744.412
2019-04-09 03:00:00,23744.412
2019-04-09 04:00:00,23744.412
2019-04-09 05:00:00,24088.938
2019-04-09 06:00:00,25761.463
2019-04-09 07:00:00,28547.17
2019-04-09 08:00:00,30573.238
2019-04-09 09:00:00,31001.197
2019-04-09 10:00:00,30654.154
2019-04-09 11:00:00,30750.992
2019-04-09 12:00:00,30415.582
2019-04-09 13:00:00,29875.61
2019-04-09 14:00:00,29550.164
2019-04-09 15:00:00,29090.686
2019-04-09 16:00:00,29035.012
2019-04-09 17:00:00,29035.012
2019-04-09 18:00:00,29320.928
2019-04-09 19:00:00,29741.611
2019-04-09 20:00:00,30724.781
2019-04-09 21:00:00,31647.223
2019-04-09 22:00:00,30775.51
2019-04-09 23:00:00,28510.021
2019-04-10 00:00:00,26067.93
2019-04-10 01:00:00,24852.547
2019-04-10 02:00:00,24116.676
2019-04-10 03:00:00,24017.713
2019-04-10 04:00:00,24232.158
2019-04-10 05:00:00,25014.107
2019-04-10 06:00:00,26683.46
2019-04-10 07:00:00,29429.09
2019-04-10 08:00:00,30945.768
2019-04-10 09:00:00,31210.168
2019-04-10 10:00:00,30703.693
2019-04-10 11:00:00,30187.207
2019-04-10 12:00:00,29531.078
2019-04-10 13:00:00,29093.541
2019-04-10 14:00:00,28827.42
2019-04-10 15:00:00,28672.186
2019-04-10 16:00:00,28431.004
2019-04-10 17:00:00,28479.656
2019-04-10 18:00:00,28911.47
2019-04-10 19:00:00,29160.424
2019-04-10 20:00:00,30073.305
2019-04-10 21:00:00,30970.793
2019-04-10 22:00:00,30214.39
2019-04-10 23:00:00,27860.182
2019-04-11 00:00:00,25373.777
2019-04-11 01:00:00,24173.486
2019-04-11 02:00:00,23433.096
2019-04-11 03:00:00,23068.486
2019-04-11 04:00:00,23292.4
2019-04-11 05:00:00,23707.365
2019-04-11 06:00:00,25998.479
2019-04-11 07:00:00,28175.016
2019-04-11 08:00:00,30256.697
2019-04-11 09:00:00,30284.055
2019-04-11 10:00:00,29741.018
2019-04-11 11:00:00,29129.148
2019-04-11 12:00:00,28699.81
2019-04-11 13:00:00,28195.613
2019-04-11 14:00:00,27688.092
2019-04-11 15:00:00,27611.918
2019-04-11 16:00:00,27417.695
2019-04-11 17:00:00,27553.732
2019-04-11 18:00:00,27716.838
2019-04-11 19:00:00,27795.625
2019-04-11 20:00:00,28814.291
2019-04-11 21:00:00,30021.99
2019-04-11 22:00:00,28548.475
2019-04-11 23:00:00,26119.156
2019-04-12 00:00:00,24384.896
2019-04-12 01:00:00,22619.422
2019-04-12 02:00:00,22204.834
2019-04-12 03:00:00,22158.064
2019-04-12 04:00:00,22184.822
2019-04-12 05:00:00,22454.348
2019-04-12 06:00:00,24019.01
2019-04-12 07:00:00,26233.395
2019-04-12 08:00:00,28118.264
2019-04-12 09:00:00,28805.121
2019-04-12 10:00:00,28105.02
2019-04-12 11:00:00,28023.707
2019-04-12 12:00:00,27395.275
2019-04-12 13:00:00,27087.566
2019-04-12 14:00:00,27076.582
2019-04-12 15:00:00,27085.162
2019-04-12 16:00:00,27098.459
2019-04-12 17:00:00,27737.584
2019-04-12 18:00:00,28027.62
2019-04-12 19:00:00,28013.72
2019-04-12 20:00:00,28134.617
2019-04-12 21:00:00,28822.803
2019-04-12 22:00:00,27853.404
2019-04-12 23:00:00,25765.049
2019-04-13 00:00:00,24072.707
2019-04-13 01:00:00,22594.691
2019-04-13 02:00:00,21969.988
2019-04-13 03:00:00,21531.479
2019-04-13 04:00:00,21234.725
2019-04-13 05:00:00,21234.725
2019-04-13 06:00:00,21649.207
2019-04-13 07:00:00,22318.229
2019-04-13 08:00:00,22765.8
2019-04-13 09:00:00,24009.113
2019-04-13 10:00:00,24710.197
2019-04-13 11:00:00,25001.623
2019-04-13 12:00:00,24822.338
2019-04-13 13:00:00,24720.736
2019-04-13 14:00:00,24640.598
2019-04-13 15:00:00,24749.125
2019-04-13 16:00:00,25487.797
2019-04-13 17:00:00,25912.004
2019-04-13 18:00:00,26782.271
2019-04-13 19:00:00,26748.889
2019-04-13 20:00:00,26906.504
2019-04-13 21:00:00,27616.764
2019-04-13 22:00:00,26360.8
2019-04-13 23:00:00,24619.582
2019-04-14 00:00:00,23384.123
2019-04-14 01:00:00,22155.56
2019-04-14 02:00:00,21492.19
2019-04-14 03:00:00,21195.436
2019-04-14 04:00:00,21195.436
2019-04-14 05:00:00,21195.436
2019-04-14 06:00:00,21222.523
2019-04-14 07:00:00,21529.887
2019-04-14 08:00:00,22185.602
2019-04-14 09:00:00,23051.734
2019-04-14 10:00:00,23990.621
2019-04-14 11:00:00,24564.168
2019-04-14 12:00:00,24956.441
2019-04-14 13:00:00,25082.25
2019-04-14 14:00:00,25565.137
2019-04-14 15:00:00,25618.455
2019-04-14 16:00:00,26069.973
2019-04-14 17:00:00,26522.84
2019-04-14 18:00:00,27461.13
2019-04-14 19:00:00,27891.596
2019-04-14 20:00:00,28341.25
2019-04-14 21:00:00,29119.521
2019-04-14 22:00:00,27938.88
2019-04-14 23:00:00,25859.201
2019-04-15 00:00:00,24513.906
2019-04-15 01:00:00,23447.184
2019-04-15 02:00:00,22848.238
2019-04-15 03:00:00,22794.084
2019-04-15 04:00:00,22794.084
2019-04-15 05:00:00,22943.455
2019-04-15 06:00:00,24114.867
2019-04-15 07:00:00,26861.965
2019-04-15 08:00:00,29509.125
2019-04-15 09:00:00,30112.06
2019-04-15 10:00:00,30349.025
2019-04-15 11:00:00,30462.271
2019-04-15 12:00:00,30248.97
2019-04-15 13:00:00,29496.324
2019-04-15 14:00:00,29572.475
2019-04-15 15:00:00,29283.58
2019-04-15 16:00:00,29487.49
2019-04-15 17:00:00,29848.16
2019-04-15 18:00:00,30343.426
2019-04-15 19:00:00,30343.426
2019-04-15 20:00:00,30801.76
2019-04-15 21:00:00,31080.596
2019-04-15 22:00:00,29882.676
2019-04-15 23:00:00,27583.695
2019-04-16 00:00:00,25072.957
2019-04-16 01:00:00,23730.512
2019-04-16 02:00:00,23136.812
2019-04-16 03:00:00,23049.658
2019-04-16 04:00:00,23136.812
2019-04-16 05:00:00,23550.174
2019-04-16 06:00:00,24993.082
2019-04-16 07:00:00,27378.217
2019-04-16 08:00:00,29832.807
2019-04-16 09:00:00,30240.883
2019-04-16 10:00:00,30108.479
2019-04-16 11:00:00,30092.863
2019-04-16 12:00:00,30012.355
2019-04-16 13:00:00,30074.418
2019-04-16 14:00:00,30260.486
2019-04-16 15:00:00,30187.645
2019-04-16 16:00:00,30158.906
2019-04-16 17:00:00,30283.744
2019-04-16 18:00:00,30593.135
2019-04-16 19:00:00,30461.658
2019-04-16 20:00:00,30738.408
2019-04-16 21:00:00,31361.025
2019-04-16 22:00:00,30412.582
2019-04-16 23:00:00,28481.965
2019-04-17 00:00:00,25750.387
2019-04-17 01:00:00,24414.082
2019-04-17 02:00:00,23970.943
2019-04-17 03:00:00,23744.412
2019-04-17 04:00:00,23943.277
2019-04-17 05:00:00,24245.213
2019-04-17 06:00:00,25570.584
2019-04-17 07:00:00,28317.555
2019-04-17 08:00:00,30307.598
2019-04-17 09:00:00,30354.934
2019-04-17 10:00:00,30076.848
2019-04-17 11:00:00,29570.645
2019-04-17 12:00:00,29073.416
2019-04-17 13:00:00,28500.752
2019-04-17 14:00:00,28254.541
2019-04-17 15:00:00,27877.67
2019-04-17 16:00:00,27737.223
2019-04-17 17:00:00,28064.826
2019-04-17 18:00:00,28287.504
2019-04-17 19:00:00,28743.105
2019-04-17 20:00:00,29263.762
2019-04-17 21:00:00,30599.824
2019-04-17 22:00:00,29311.164
2019-04-17 23:00:00,26784.46
2019-04-18 00:00:00,24854.822
2019-04-18 01:00:00,23317.15
2019-04-18 02:00:00,22794.084
2019-04-18 03:00:00,22686.162
2019-04-18 04:00:00,22702.084
2019-04-18 05:00:00,22912.988
2019-04-18 06:00:00,24401.994
2019-04-18 07:00:00,27075.146
2019-04-18 08:00:00,29236.053
2019-04-18 09:00:00,29985.553
2019-04-18 10:00:00,30086.26
2019-04-18 11:00:00,30068.914
2019-04-18 12:00:00,29972.316
2019-04-18 13:00:00,29915.252
2019-04-18 14:00:00,30132.266
2019-04-18 15:00:00,29559.564
2019-04-18 16:00:00,29535.123
2019-04-18 17:00:00,29822.266
2019-04-18 18:00:00,30332.936
2019-04-18 19:00:00,30347.408
2019-04-18 20:00:00,30791.98
2019-04-18 21:00:00,31422.357
2019-04-18 22:00:00,30522.084
2019-04-18 23:00:00,28538.166
2019-04-19 00:00:00,25676.834
2019-04-19 01:00:00,24414.082
2019-04-19 02:00:00,23744.412
2019-04-19 03:00:00,23744.412
2019-04-19 04:00:00,23744.412
2019-04-19 05:00:00,24088.938
2019-04-19 06:00:00,25544.984
2019-04-19 07:00:00,27813.033
2019-04-19 08:00:00,29963.146
2019-04-19 09:00:00,30357.176
2019-04-19 10:00:00,30324.29
2019-04-19 11:00:00,30029.271
2019-04-19 12:00:00,29572.004
2019-04-19 13:00:00,29323.666
2019-04-19 14:00:00,29270.44
2019-04-19 15:00:00,28716.8
2019-04-19 16:00:00,28346.027
2019-04-19 17:00:00,28412.275
2019-04-19 18:00:00,28528.83
2019-04-19 19:00:00,28253.496
2019-04-19 20:00:00,28856.924
2019-04-19 21:00:00,29914.408
2019-04-19 22:00:00,28847.402
2019-04-19 23:00:00,27115.072
2019-04-20 00:00:00,24998.822
2019-04-20 01:00:00,23681.61
2019-04-20 02:00:00,23171.428
2019-04-20 03:00:00,23033.258
2019-04-20 04:00:00,23033.258
2019-04-20 05:00:00,23199.508
2019-04-20 06:00:00,23667.945
2019-04-20 07:00:00,24488.232
2019-04-20 08:00:00,25327.072
2019-04-20 09:00:00,25914.76
2019-04-20 10:00:00,26185.918
2019-04-20 11:00:00,25805.875
2019-04-20 12:00:00,25490.809
2019-04-20 13:00:00,25143.035
2019-04-20 14:00:00,24540.188
2019-04-20 15:00:00,24161.88
2019-04-20 16:00:00,24159.455
2019-04-20 17:00:00,24270.393
2019-04-20 18:00:00,24801.322
2019-04-20 19:00:00,24879.326
2019-04-20 20:00:00,25408.65
2019-04-20 21:00:00,26600.402
2019-04-20 22:00:00,25823.176
2019-04-20 23:00:00,24548.305
2019-04-21 00:00:00,23569.613
2019-04-21 01:00:00,22530.11
2019-04-21 02:00:00,22127.4
2019-04-21 03:00:00,22057.264
2019-04-21 04:00:00,22057.264
2019-04-21 05:00:00,22127.4
2019-04-21 06:00:00,22412.848
2019-04-21 07:00:00,22743.092
2019-04-21 08:00:00,22956.318
2019-04-21 09:00:00,23269.982
2019-04-21 10:00:00,23302.45
2019-04-21 11:00:00,23226.0
2019-04-21 12:00:00,23145.193
2019-04-21 13:00:00,22929.666
2019-04-21 14:00:00,22909.086
2019-04-21 15:00:00,22927.98
2019-04-21 16:00:00,22983.863
2019-04-21 17:00:00,23642.156
2019-04-21 18:00:00,24159.557
2019-04-21 19:00:00,24816.77
2019-04-21 20:00:00,25577.86
2019-04-21 21:00:00,26927.06
2019-04-21 22:00:00,25931.271
2019-04-21 23:00:00,24465.73
2019-04-22 00:00:00,23194.62
2019-04-22 01:00:00,22354.484
2019-04-22 02:00:00,22158.064
2019-04-22 03:00:00,22158.064
2019-04-22 04:00:00,22158.064
2019-04-22 05:00:00,22316.799
2019-04-22 06:00:00,23735.334
2019-04-22 07:00:00,26361.947
2019-04-22 08:00:00,28440.094
2019-04-22 09:00:00,28542.562
2019-04-22 10:00:00,28167.186
2019-04-22 11:00:00,28068.414
2019-04-22 12:00:00,27677.018
2019-04-22 13:00:00,27694.1
2019-04-22 14:00:00,27760.723
2019-04-22 15:00:00,27288.541
2019-04-22 16:00:00,27301.838
2019-04-22 17:00:00,27726.2
2019-04-22 18:00:00,28360.814
2019-04-22 19:00:00,28336.875
2019-04-22 20:00:00,29017.496
2019-04-22 21:00:00,29847.7
2019-04-22 22:00:00,28199.336
2019-04-22 23:00:00,25909.023
2019-04-23 00:00:00,24148.621
2019-04-23 01:00:00,22508.256
2019-04-23 02:00:00,22158.064
2019-04-23 03:00:00,22158.064
2019-04-23 04:00:00,22158.064
2019-04-23 05:00:00,22316.799
2019-04-23 06:00:00,23886.639
2019-04-23 07:00:00,26205.068
2019-04-23 08:00:00,28335.742
2019-04-23 09:00:00,28791.578
2019-04-23 10:00:00,28503.861
2019-04-23 11:00:00,28865.799
2019-04-23 12:00:00,28856.611
2019-04-23 13:00:00,28799.547
2019-04-23 14:00:00,28806.154
2019-04-23 15:00:00,28917.197
2019-04-23 16:00:00,29020.842
2019-04-23 17:00:00,29125.162
2019-04-23 18:00:00,29682.992
2019-04-23 19:00:00,29917.51
2019-04-23 20:00:00,30103.365
2019-04-23 21:00:00,30483.848
2019-04-23 22:00:00,29274.764
2019-04-23 23:00:00,26382.824
2019-04-24 00:00:00,24526.537
2019-04-24 01:00:00,22885.742
2019-04-24 02:00:00,22276.479
2019-04-24 03:00:00,22158.064
2019-04-24 04:00:00,22158.064
2019-04-24 05:00:00,22265.957
2019-04-24 06:00:00,23662.812
2019-04-24 07:00:00,26413.193
2019-04-24 08:00:00,28461.562
2019-04-24 09:00:00,29054.92
2019-04-24 10:00:00,29306.664
2019-04-24 11:00:00,29378.625
2019-04-24 12:00:00,29192.72
2019-04-24 13:00:00,28978.0
2019-04-24 14:00:00,28918.36
2019-04-24 15:00:00,28595.645
2019-04-24 16:00:00,28585.918
2019-04-24 17:00:00,28608.941
2019-04-24 18:00:00,28956.781
2019-04-24 19:00:00,28816.387
2019-04-24 20:00:00,29174.455
2019-04-24 21:00:00,29994.328
2019-04-24 22:00:00,28661.635
2019-04-24 23:00:00,26108.191
2019-04-25 00:00:00,24265.14
2019-04-25 01:00:00,22508.256
2019-04-25 02:00:00,22158.064
2019-04-25 03:00:00,22138.053
2019-04-25 04:00:00,22138.053
2019-04-25 05:00:00,22158.064
2019-04-25 06:00:00,23595.719
2019-04-25 07:00:00,26112.459
2019-04-25 08:00:00,27993.238
2019-04-25 09:00:00,28169.195
2019-04-25 10:00:00,28242.945
2019-04-25 11:00:00,27907.777
2019-04-25 12:00:00,27877.428
2019-04-25 13:00:00,27483.443
2019-04-25 14:00:00,27619.352
2019-04-25 15:00:00,27506.617
2019-04-25 16:00:00,27679.742
2019-04-25 17:00:00,28104.104
2019-04-25 18:00:00,28627.736
2019-04-25 19:00:00,28731.668
2019-04-25 20:00:00,29082.266
2019-04-25 21:00:00,30002.3
2019-04-25 22:00:00,28696.37
2019-04-25 23:00:00,26306.998
2019-04-26 00:00:00,24598.615
2019-04-26 01:00:00,22909.613
2019-04-26 02:00:00,22254.016
2019-04-26 03:00:00,22124.736
2019-04-26 04:00:00,22124.736
2019-04-26 05:00:00,22158.064
2019-04-26 06:00:00,23551.115
2019-04-26 07:00:00,26212.492
2019-04-26 08:00:00,27994.268
2019-04-26 09:00:00,29462.98
2019-04-26 10:00:00,29546.191
2019-04-26 11:00:00,29686.346
2019-04-26 12:00:00,29589.748
2019-04-26 13:00:00,29046.586
2019-04-26 14:00:00,29279.094
2019-04-26 15:00:00,28982.016
2019-04-26 16:00:00,29369.846
2019-04-26 17:00:00,29693.273
2019-04-26 18:00:00,29693.273
2019-04-26 19:00:00,29494.406
2019-04-26 20:00:00,28950.812
2019-04-26 21:00:00,29285.998
2019-04-26 22:00:00,28452.9
2019-04-26 23:00:00,26574.832
2019-04-27 00:00:00,24877.8
2019-04-27 01:00:00,23018.719
2019-04-27 02:00:00,22155.979
2019-04-27 03:00:00,21607.945
2019-04-27 04:00:00,21300.072
2019-04-27 05:00:00,21548.979
2019-04-27 06:00:00,22062.424
2019-04-27 07:00:00,22520.33
2019-04-27 08:00:00,23724.541
2019-04-27 09:00:00,25087.482
2019-04-27 10:00:00,25565.727
2019-04-27 11:00:00,25912.71
2019-04-27 12:00:00,25539.37
2019-04-27 13:00:00,25456.443
2019-04-27 14:00:00,25596.389
2019-04-27 15:00:00,25780.295
2019-04-27 16:00:00,27015.27
2019-04-27 17:00:00,27270.514
2019-04-27 18:00:00,27504.193
2019-04-27 19:00:00,27595.402
2019-04-27 20:00:00,27464.574
2019-04-27 21:00:00,27835.027
2019-04-27 22:00:00,26746.102
2019-04-27 23:00:00,25605.422
2019-04-28 00:00:00,24320.096
2019-04-28 01:00:00,22965.79
2019-04-28 02:00:00,21735.54
2019-04-28 03:00:00,21390.818
2019-04-28 04:00:00,21260.783
2019-04-28 05:00:00,21195.436
2019-04-28 06:00:00,21222.523
2019-04-28 07:00:00,21640.877
2019-04-28 08:00:00,22200.79
2019-04-28 09:00:00,23481.889
2019-04-28 10:00:00,24333.96
2019-04-28 11:00:00,24928.738
2019-04-28 12:00:00,25190.844
2019-04-28 13:00:00,25251.29
2019-04-28 14:00:00,25218.496
2019-04-28 15:00:00,25155.375
2019-04-28 16:00:00,25201.352
2019-04-28 17:00:00,25733.14
2019-04-28 18:00:00,26247.238
2019-04-28 19:00:00,26405.273
2019-04-28 20:00:00,26860.266
2019-04-28 21:00:00,28045.254
2019-04-28 22:00:00,27066.404
2019-04-28 23:00:00,25343.402
2019-04-29 00:00:00,24109.69
2019-04-29 01:00:00,22708.941
2019-04-29 02:00:00,22316.799
2019-04-29 03:00:00,22316.799
2019-04-29 04:00:00,22316.799
2019-04-29 05:00:00,22702.084
2019-04-29 06:00:00,24347.637
2019-04-29 07:00:00,26973.357
2019-04-29 08:00:00,29102.947
2019-04-29 09:00:00,29889.57
2019-04-29 10:00:00,29703.848
2019-04-29 11:00:00,29804.906
2019-04-29 12:00:00,29382.3
2019-04-29 13:00:00,29265.402
2019-04-29 14:00:00,28778.127
2019-04-29 15:00:00,28596.076
2019-04-29 16:00:00,28577.732
2019-04-29 17:00:00,29096.703
2019-04-29 18:00:00,29713.094
2019-04-29 19:00:00,29498.186
2019-04-29 20:00:00,30057.225
2019-04-29 21:00:00,30760.826
2019-04-29 22:00:00,29289.832
2019-04-29 23:00:00,26693.234
2019-04-30 00:00:00,25122.46
2019-04-30 01:00:00,23375.455
2019-04-30 02:00:00,22800.217
2019-04-30 03:00:00,22440.465
2019-04-30 04:00:00,22503.766
2019-04-30 05:00:00,22611.502
2019-04-30 06:00:00,24570.195
2019-04-30 07:00:00,26832.637
2019-04-30 08:00:00,28821.309
2019-04-30 09:00:00,28647.795
2019-04-30 10:00:00,28863.877
2019-04-30 11:00:00,28711.512
2019-04-30 12:00:00,28614.914
2019-04-30 13:00:00,28375.047
2019-04-30 14:00:00,28564.457
2019-04-30 15:00:00,28408.63
2019-04-30 16:00:00,28598.695
2019-04-30 17:00:00,29085.385
2019-04-30 18:00:00,29473.363
2019-04-30 19:00:00,29304.717
2019-04-30 20:00:00,29599.934
2019-04-30 21:00:00,30263.639
2019-04-30 22:00:00,29115.477
2019-04-30 23:00:00,26573.846
2019-05-01 00:00:00,24559.916
2019-05-01 01:00:00,22703.861
2019-05-01 02:00:00,22158.064
2019-05-01 03:00:00,22124.736
2019-05-01 04:00:00,22124.736
2019-05-01 05:00:00,22138.053
2019-05-01 06:00:00,23238.469
2019-05-01 07:00:00,25965.107
2019-05-01 08:00:00,27556.445
2019-05-01 09:00:00,28045.297
2019-05-01 10:00:00,28522.176
2019-05-01 11:00:00,29205.346
2019-05-01 12:00:00,29689.953
2019-05-01 13:00:00,29777.086
2019-05-01 14:00:00,30173.436
2019-05-01 15:00:00,30270.447
2019-05-01 16:00:00,30461.658
2019-05-01 17:00:00,30919.482
2019-05-01 18:00:00,31359.492
2019-05-01 19:00:00,31166.72
2019-05-01 20:00:00,31158.518
2019-05-01 21:00:00,31544.28
2019-05-01 22:00:00,30807.402
2019-05-01 23:00:00,28522.69
2019-05-02 00:00:00,25593.469
2019-05-02 01:00:00,23725.082
2019-05-02 02:00:00,22848.238
2019-05-02 03:00:00,22528.604
2019-05-02 04:00:00,22316.799
2019-05-02 05:00:00,22316.799
2019-05-02 06:00:00,23898.691
2019-05-02 07:00:00,26422.168
2019-05-02 08:00:00,28742.68
2019-05-02 09:00:00,29713.178
2019-05-02 10:00:00,30424.887
2019-05-02 11:00:00,30929.143
2019-05-02 12:00:00,31137.41
2019-05-02 13:00:00,31698.672
2019-05-02 14:00:00,31720.826
2019-05-02 15:00:00,31847.195
2019-05-02 16:00:00,32028.795
2019-05-02 17:00:00,32594.627
2019-05-02 18:00:00,32696.195
2019-05-02 19:00:00,32622.25
2019-05-02 20:00:00,32319.264
2019-05-02 21:00:00,32513.658
2019-05-02 22:00:00,31634.434
2019-05-02 23:00:00,30379.684
2019-05-03 00:00:00,26625.22
2019-05-03 01:00:00,25337.104
2019-05-03 02:00:00,24554.09
2019-05-03 03:00:00,23744.412
2019-05-03 04:00:00,23550.174
2019-05-03 05:00:00,23550.174
2019-05-03 06:00:00,24853.854
2019-05-03 07:00:00,27192.729
2019-05-03 08:00:00,29784.781
2019-05-03 09:00:00,31003.182
2019-05-03 10:00:00,31376.959
2019-05-03 11:00:00,31565.9
2019-05-03 12:00:00,31701.229
2019-05-03 13:00:00,31827.906
2019-05-03 14:00:00,31849.58
2019-05-03 15:00:00,31969.46
2019-05-03 16:00:00,32040.918
2019-05-03 17:00:00,32175.545
2019-05-03 18:00:00,32175.545
2019-05-03 19:00:00,32013.295
2019-05-03 20:00:00,31692.29
2019-05-03 21:00:00,31982.758
2019-05-03 22:00:00,31425.549
2019-05-03 23:00:00,30056.307
2019-05-04 00:00:00,26413.8
2019-05-04 01:00:00,24736.236
2019-05-04 02:00:00,23645.686
2019-05-04 03:00:00,22892.562
2019-05-04 04:00:00,22598.53
2019-05-04 05:00:00,22216.605
2019-05-04 06:00:00,22452.137
2019-05-04 07:00:00,22710.945
2019-05-04 08:00:00,23414.879
2019-05-04 09:00:00,24832.201
2019-05-04 10:00:00,25450.805
2019-05-04 11:00:00,26038.361
2019-05-04 12:00:00,26333.797
2019-05-04 13:00:00,26256.318
2019-05-04 14:00:00,26105.393
2019-05-04 15:00:00,26011.3
2019-05-04 16:00:00,26008.875
2019-05-04 17:00:00,25778.889
2019-05-04 18:00:00,25839.773
2019-05-04 19:00:00,25656.969
2019-05-04 20:00:00,25847.023
2019-05-04 21:00:00,26811.281
2019-05-04 22:00:00,25842.096
2019-05-04 23:00:00,24667.504
2019-05-05 00:00:00,23533.83
2019-05-05 01:00:00,22155.56
2019-05-05 02:00:00,21492.19
2019-05-05 03:00:00,21195.436
2019-05-05 04:00:00,21195.436
2019-05-05 05:00:00,21195.436
2019-05-05 06:00:00,21222.523
2019-05-05 07:00:00,21233.133
2019-05-05 08:00:00,21733.617
2019-05-05 09:00:00,22855.275
2019-05-05 10:00:00,23693.336
2019-05-05 11:00:00,24149.035
2019-05-05 12:00:00,24434.3
2019-05-05 13:00:00,24346.094
2019-05-05 14:00:00,24133.826
2019-05-05 15:00:00,24132.768
2019-05-05 16:00:00,24170.99
2019-05-05 17:00:00,24271.455
2019-05-05 18:00:00,24855.457
2019-05-05 19:00:00,25276.824
2019-05-05 20:00:00,25523.355
2019-05-05 21:00:00,26963.912
2019-05-05 22:00:00,26126.965
2019-05-05 23:00:00,24445.43
2019-05-06 00:00:00,23168.139
2019-05-06 01:00:00,22338.402
2019-05-06 02:00:00,22124.736
2019-05-06 03:00:00,22124.736
2019-05-06 04:00:00,22124.736
2019-05-06 05:00:00,22209.568
2019-05-06 06:00:00,23200.062
2019-05-06 07:00:00,26084.758
2019-05-06 08:00:00,27531.951
2019-05-06 09:00:00,27956.703
2019-05-06 10:00:00,28033.926
2019-05-06 11:00:00,28163.018
2019-05-06 12:00:00,28462.184
2019-05-06 13:00:00,28464.955
2019-05-06 14:00:00,28679.008
2019-05-06 15:00:00,28825.906
2019-05-06 16:00:00,29139.855
2019-05-06 17:00:00,29409.098
2019-05-06 18:00:00,29550.96
2019-05-06 19:00:00,29550.96
2019-05-06 20:00:00,29332.617
2019-05-06 21:00:00,30235.844
2019-05-06 22:00:00,28950.496
2019-05-06 23:00:00,26248.502
2019-05-07 00:00:00,24405.838
2019-05-07 01:00:00,22657.092
2019-05-07 02:00:00,22242.896
2019-05-07 03:00:00,22142.236
2019-05-07 04:00:00,22209.568
2019-05-07 05:00:00,22372.932
2019-05-07 06:00:00,23469.457
2019-05-07 07:00:00,26177.111
2019-05-07 08:00:00,27738.0
2019-05-07 09:00:00,28078.848
2019-05-07 10:00:00,28180.363
2019-05-07 11:00:00,28232.56
2019-05-07 12:00:00,28561.908
2019-05-07 13:00:00,28642.746
2019-05-07 14:00:00,28793.81
2019-05-07 15:00:00,29100.674
2019-05-07 16:00:00,29094.166
2019-05-07 17:00:00,29895.453
2019-05-07 18:00:00,30041.809
2019-05-07 19:00:00,29925.105
2019-05-07 20:00:00,29550.96
2019-05-07 21:00:00,30425.994
2019-05-07 22:00:00,29095.924
2019-05-07 23:00:00,26611.309
2019-05-08 00:00:00,24379.275
2019-05-08 01:00:00,22558.172
2019-05-08 02:00:00,22158.064
2019-05-08 03:00:00,22138.053
2019-05-08 04:00:00,22124.736
2019-05-08 05:00:00,22175.564
2019-05-08 06:00:00,23527.941
2019-05-08 07:00:00,26024.48
2019-05-08 08:00:00,27601.74
2019-05-08 09:00:00,28169.195
2019-05-08 10:00:00,28180.363
2019-05-08 11:00:00,28658.506
2019-05-08 12:00:00,28769.354
2019-05-08 13:00:00,28899.6
2019-05-08 14:00:00,29266.877
2019-05-08 15:00:00,29640.756
2019-05-08 16:00:00,29952.729
2019-05-08 17:00:00,30344.799
2019-05-08 18:00:00,30692.791
2019-05-08 19:00:00,30225.672
2019-05-08 20:00:00,30081.947
2019-05-08 21:00:00,30801.76
2019-05-08 22:00:00,29311.164
2019-05-08 23:00:00,26929.129
2019-05-09 00:00:00,24603.447
2019-05-09 01:00:00,22866.5
2019-05-09 02:00:00,22158.064
2019-05-09 03:00:00,22158.064
2019-05-09 04:00:00,22138.053
2019-05-09 05:00:00,22158.064
2019-05-09 06:00:00,23146.516
2019-05-09 07:00:00,25768.031
2019-05-09 08:00:00,27532.877
2019-05-09 09:00:00,28195.598
2019-05-09 10:00:00,28679.22
2019-05-09 11:00:00,29134.957
2019-05-09 12:00:00,29315.143
2019-05-09 13:00:00,29771.89
2019-05-09 14:00:00,29815.969
2019-05-09 15:00:00,29967.844
2019-05-09 16:00:00,30308.719
2019-05-09 17:00:00,30628.373
2019-05-09 18:00:00,30884.25
2019-05-09 19:00:00,30621.55
2019-05-09 20:00:00,30614.83
2019-05-09 21:00:00,30923.781
2019-05-09 22:00:00,30287.266
2019-05-09 23:00:00,27616.715
2019-05-10 00:00:00,25008.117
2019-05-10 01:00:00,23205.379
2019-05-10 02:00:00,22334.299
2019-05-10 03:00:00,22158.064
2019-05-10 04:00:00,22158.064
2019-05-10 05:00:00,22276.479
2019-05-10 06:00:00,23460.188
2019-05-10 07:00:00,25859.049
2019-05-10 08:00:00,27869.334
2019-05-10 09:00:00,28608.123
2019-05-10 10:00:00,29325.783
2019-05-10 11:00:00,29785.352
2019-05-10 12:00:00,29903.994
2019-05-10 13:00:00,29743.838
2019-05-10 14:00:00,30071.883
2019-05-10 15:00:00,30162.678
2019-05-10 16:00:00,30292.678
2019-05-10 17:00:00,30518.459
2019-05-10 18:00:00,30426.723
2019-05-10 19:00:00,30012.156
2019-05-10 20:00:00,29500.273
2019-05-10 21:00:00,29654.053
2019-05-10 22:00:00,28847.04
2019-05-10 23:00:00,26659.736
2019-05-11 00:00:00,24638.066
2019-05-11 01:00:00,22752.945
2019-05-11 02:00:00,22096.553
2019-05-11 03:00:00,21735.209
2019-05-11 04:00:00,21531.479
2019-05-11 05:00:00,21234.725
2019-05-11 06:00:00,21669.557
2019-05-11 07:00:00,22073.033
2019-05-11 08:00:00,22987.584
2019-05-11 09:00:00,24455.963
2019-05-11 10:00:00,25331.293
2019-05-11 11:00:00,25990.812
2019-05-11 12:00:00,26548.275
2019-05-11 13:00:00,26445.521
2019-05-11 14:00:00,26527.99
2019-05-11 15:00:00,26594.322
2019-05-11 16:00:00,27107.025
2019-05-11 17:00:00,27508.8
2019-05-11 18:00:00,28148.703
2019-05-11 19:00:00,28148.703
2019-05-11 20:00:00,28099.838
2019-05-11 21:00:00,27984.375
2019-05-11 22:00:00,26893.488
2019-05-11 23:00:00,24940.285
2019-05-12 00:00:00,23962.17
2019-05-12 01:00:00,22321.666
2019-05-12 02:00:00,21853.773
2019-05-12 03:00:00,21195.436
2019-05-12 04:00:00,21195.436
2019-05-12 05:00:00,21195.436
2019-05-12 06:00:00,21222.523
2019-05-12 07:00:00,21233.133
2019-05-12 08:00:00,22033.744
2019-05-12 09:00:00,23007.828
2019-05-12 10:00:00,23900.896
2019-05-12 11:00:00,24408.285
2019-05-12 12:00:00,24236.764
2019-05-12 13:00:00,24179.7
2019-05-12 14:00:00,24220.623
2019-05-12 15:00:00,24354.785
2019-05-12 16:00:00,24243.045
2019-05-12 17:00:00,24445.049
2019-05-12 18:00:00,24727.072
2019-05-12 19:00:00,24949.234
2019-05-12 20:00:00,25527.7
2019-05-12 21:00:00,26662.654
2019-05-12 22:00:00,25739.68
2019-05-12 23:00:00,24474.072
2019-05-13 00:00:00,23405.393
2019-05-13 01:00:00,22253.57
2019-05-13 02:00:00,22124.736
2019-05-13 03:00:00,22124.736
2019-05-13 04:00:00,22124.736
2019-05-13 05:00:00,22138.053
2019-05-13 06:00:00,23316.568
2019-05-13 07:00:00,26066.568
2019-05-13 08:00:00,27828.576
2019-05-13 09:00:00,28518.635
2019-05-13 10:00:00,28606.309
2019-05-13 11:00:00,28796.408
2019-05-13 12:00:00,28639.795
2019-05-13 13:00:00,28508.584
2019-05-13 14:00:00,28635.363
2019-05-13 15:00:00,28653.39
2019-05-13 16:00:00,28955.162
2019-05-13 17:00:00,29873.602
2019-05-13 18:00:00,30229.398
2019-05-13 19:00:00,30380.12
2019-05-13 20:00:00,30403.143
2019-05-13 21:00:00,30634.48
2019-05-13 22:00:00,29632.6
2019-05-13 23:00:00,26952.021
2019-05-14 00:00:00,24829.494
2019-05-14 01:00:00,23028.576
2019-05-14 02:00:00,22528.604
2019-05-14 03:00:00,22265.957
2019-05-14 04:00:00,22258.979
2019-05-14 05:00:00,22316.799
2019-05-14 06:00:00,23623.402
2019-05-14 07:00:00,25973.27
2019-05-14 08:00:00,28587.795
2019-05-14 09:00:00,29304.24
2019-05-14 10:00:00,30084.938
2019-05-14 11:00:00,30707.998
2019-05-14 12:00:00,30985.324
2019-05-14 13:00:00,31457.166
2019-05-14 14:00:00,31949.486
2019-05-14 15:00:00,32027.621
2019-05-14 16:00:00,32649.896
2019-05-14 17:00:00,32799.395
2019-05-14 18:00:00,33018.137
2019-05-14 19:00:00,32099.652
2019-05-14 20:00:00,31778.646
2019-05-14 21:00:00,32033.227
2019-05-14 22:00:00,31195.467
2019-05-14 23:00:00,29456.936
2019-05-15 00:00:00,25874.812
2019-05-15 01:00:00,24079.188
2019-05-15 02:00:00,23221.645
2019-05-15 03:00:00,22848.238
2019-05-15 04:00:00,22702.084
2019-05-15 05:00:00,22848.238
2019-05-15 06:00:00,24263.115
2019-05-15 07:00:00,26477.672
2019-05-15 08:00:00,29102.947
2019-05-15 09:00:00,29876.043
2019-05-15 10:00:00,30407.535
2019-05-15 11:00:00,30732.371
2019-05-15 12:00:00,30947.23
2019-05-15 13:00:00,31320.05
2019-05-15 14:00:00,31629.803
2019-05-15 15:00:00,31720.658
2019-05-15 16:00:00,31769.246
2019-05-15 17:00:00,31825.197
2019-05-15 18:00:00,31994.475
2019-05-15 19:00:00,31939.307
2019-05-15 20:00:00,31633.941
2019-05-15 21:00:00,31685.418
2019-05-15 22:00:00,30842.504
2019-05-15 23:00:00,29425.457
2019-05-16 00:00:00,26537.576
2019-05-16 01:00:00,24736.975
2019-05-16 02:00:00,23817.195
2019-05-16 03:00:00,23670.658
2019-05-16 04:00:00,23307.86
2019-05-16 05:00:00,23443.61
2019-05-16 06:00:00,24536.09
2019-05-16 07:00:00,26925.725
2019-05-16 08:00:00,29235.451
2019-05-16 09:00:00,30464.566
2019-05-16 10:00:00,30879.896
2019-05-16 11:00:00,31252.871
2019-05-16 12:00:00,31198.666
2019-05-16 13:00:00,31323.7
2019-05-16 14:00:00,31383.846
2019-05-16 15:00:00,31439.99
2019-05-16 16:00:00,31502.564
2019-05-16 17:00:00,31943.285
2019-05-16 18:00:00,31943.285
2019-05-16 19:00:00,31943.285
2019-05-16 20:00:00,31894.008
2019-05-16 21:00:00,32030.096
2019-05-16 22:00:00,31341.045
2019-05-16 23:00:00,29606.578
2019-05-17 00:00:00,27433.672
2019-05-17 01:00:00,24719.852
2019-05-17 02:00:00,24375.986
2019-05-17 03:00:00,23864.707
2019-05-17 04:00:00,23731.268
2019-05-17 05:00:00,23789.088
2019-05-17 06:00:00,24850.963
2019-05-17 07:00:00,26825.121
2019-05-17 08:00:00,29894.012
2019-05-17 09:00:00,30724.72
2019-05-17 10:00:00,30838.994
2019-05-17 11:00:00,31296.004
2019-05-17 12:00:00,31380.764
2019-05-17 13:00:00,31062.006
2019-05-17 14:00:00,31197.06
2019-05-17 15:00:00,31215.955
2019-05-17 16:00:00,31209.72
2019-05-17 17:00:00,31229.092
2019-05-17 18:00:00,31209.72
2019-05-17 19:00:00,30851.24
2019-05-17 20:00:00,30207.502
2019-05-17 21:00:00,30591.172
2019-05-17 22:00:00,29649.033
2019-05-17 23:00:00,28464.588
2019-05-18 00:00:00,25040.953
2019-05-18 01:00:00,24008.2
2019-05-18 02:00:00,23161.172
2019-05-18 03:00:00,22180.898
2019-05-18 04:00:00,21807.422
2019-05-18 05:00:00,21665.78
2019-05-18 06:00:00,22100.611
2019-05-18 07:00:00,22522.46
2019-05-18 08:00:00,23336.172
2019-05-18 09:00:00,24689.377
2019-05-18 10:00:00,25825.342
2019-05-18 11:00:00,26623.156
2019-05-18 12:00:00,26664.357
2019-05-18 13:00:00,26464.441
2019-05-18 14:00:00,25945.383
2019-05-18 15:00:00,25513.756
2019-05-18 16:00:00,25350.273
2019-05-18 17:00:00,25350.273
2019-05-18 18:00:00,25745.855
2019-05-18 19:00:00,25756.674
2019-05-18 20:00:00,25863.549
2019-05-18 21:00:00,26719.236
2019-05-18 22:00:00,26286.094
2019-05-18 23:00:00,24813.5
2019-05-19 00:00:00,23532.0
2019-05-19 01:00:00,22464.762
2019-05-19 02:00:00,21930.7
2019-05-19 03:00:00,21603.18
2019-05-19 04:00:00,21492.19
2019-05-19 05:00:00,21492.19
2019-05-19 06:00:00,21630.268
2019-05-19 07:00:00,21891.47
2019-05-19 08:00:00,22165.098
2019-05-19 09:00:00,23103.45
2019-05-19 10:00:00,24148.521
2019-05-19 11:00:00,24805.275
2019-05-19 12:00:00,26095.457
2019-05-19 13:00:00,27119.916
2019-05-19 14:00:00,27868.623
2019-05-19 15:00:00,28143.084
2019-05-19 16:00:00,28708.635
2019-05-19 17:00:00,29360.773
2019-05-19 18:00:00,29693.936
2019-05-19 19:00:00,29722.64
2019-05-19 20:00:00,29704.176
2019-05-19 21:00:00,29872.453
2019-05-19 22:00:00,29521.805
2019-05-19 23:00:00,27782.514
2019-05-20 00:00:00,24984.59
2019-05-20 01:00:00,23370.488
2019-05-20 02:00:00,22702.084
2019-05-20 03:00:00,22316.799
2019-05-20 04:00:00,22265.957
2019-05-20 05:00:00,22316.799
2019-05-20 06:00:00,23245.975
2019-05-20 07:00:00,25727.086
2019-05-20 08:00:00,28143.16
2019-05-20 09:00:00,28954.174
2019-05-20 10:00:00,29667.332
2019-05-20 11:00:00,30058.867
2019-05-20 12:00:00,30656.69
2019-05-20 13:00:00,30744.51
2019-05-20 14:00:00,31189.918
2019-05-20 15:00:00,31382.47
2019-05-20 16:00:00,31525.463
2019-05-20 17:00:00,31811.436
2019-05-20 18:00:00,31988.676
2019-05-20 19:00:00,31811.436
2019-05-20 20:00:00,31425.74
2019-05-20 21:00:00,31490.326
2019-05-20 22:00:00,30745.805
2019-05-20 23:00:00,28368.865
2019-05-21 00:00:00,25275.354
2019-05-21 01:00:00,23477.104
2019-05-21 02:00:00,22702.084
2019-05-21 03:00:00,22316.799
2019-05-21 04:00:00,22316.799
2019-05-21 05:00:00,22366.715
2019-05-21 06:00:00,23456.469
2019-05-21 07:00:00,26018.8
2019-05-21 08:00:00,28536.262
2019-05-21 09:00:00,29396.775
2019-05-21 10:00:00,29851.162
2019-05-21 11:00:00,30350.707
2019-05-21 12:00:00,30703.322
2019-05-21 13:00:00,30646.258
2019-05-21 14:00:00,30882.424
2019-05-21 15:00:00,30935.947
2019-05-21 16:00:00,30949.244
2019-05-21 17:00:00,31193.117
2019-05-21 18:00:00,31205.932
2019-05-21 19:00:00,31020.75
2019-05-21 20:00:00,30869.299
2019-05-21 21:00:00,30954.168
2019-05-21 22:00:00,30470.176
2019-05-21 23:00:00,27633.92
2019-05-22 00:00:00,25328.188
2019-05-22 01:00:00,23400.729
2019-05-22 02:00:00,22528.604
2019-05-22 03:00:00,22316.799
2019-05-22 04:00:00,22265.957
2019-05-22 05:00:00,22316.799
2019-05-22 06:00:00,23510.01
2019-05-22 07:00:00,26018.8
2019-05-22 08:00:00,28606.05
2019-05-22 09:00:00,29791.049
2019-05-22 10:00:00,30751.018
2019-05-22 11:00:00,31026.98
2019-05-22 12:00:00,31560.236
2019-05-22 13:00:00,31647.885
2019-05-22 14:00:00,32079.02
2019-05-22 15:00:00,32563.16
2019-05-22 16:00:00,32830.83
2019-05-22 17:00:00,33462.64
2019-05-22 18:00:00,33759.03
2019-05-22 19:00:00,33663.477
2019-05-22 20:00:00,32948.11
2019-05-22 21:00:00,32933.07
2019-05-22 22:00:00,32305.588
2019-05-22 23:00:00,29821.797
2019-05-23 00:00:00,26599.625
2019-05-23 01:00:00,24486.76
2019-05-23 02:00:00,23191.92
2019-05-23 03:00:00,22413.484
2019-05-23 04:00:00,22363.568
2019-05-23 05:00:00,22363.568
2019-05-23 06:00:00,23724.408
2019-05-23 07:00:00,26224.998
2019-05-23 08:00:00,28826.803
2019-05-23 09:00:00,30055.39
2019-05-23 10:00:00,30874.559
2019-05-23 11:00:00,31491.84
2019-05-23 12:00:00,31930.494
2019-05-23 13:00:00,32353.482
2019-05-23 14:00:00,33077.11
2019-05-23 15:00:00,33640.0
2019-05-23 16:00:00,34082.504
2019-05-23 17:00:00,34434.48
2019-05-23 18:00:00,34509.2
2019-05-23 19:00:00,34249.195
2019-05-23 20:00:00,33941.5
2019-05-23 21:00:00,33653.297
2019-05-23 22:00:00,33128.867
2019-05-23 23:00:00,30635.748
2019-05-24 00:00:00,27224.281
2019-05-24 01:00:00,25401.676
2019-05-24 02:00:00,24050.459
2019-05-24 03:00:00,23434.629
2019-05-24 04:00:00,22957.533
2019-05-24 05:00:00,22957.533
2019-05-24 06:00:00,24312.635
2019-05-24 07:00:00,26419.322
2019-05-24 08:00:00,29336.41
2019-05-24 09:00:00,30721.238
2019-05-24 10:00:00,31661.793
2019-05-24 11:00:00,32463.918
2019-05-24 12:00:00,33429.793
2019-05-24 13:00:00,33799.984
2019-05-24 14:00:00,34164.375
2019-05-24 15:00:00,34694.55
2019-05-24 16:00:00,35343.44
2019-05-24 17:00:00,35729.586
2019-05-24 18:00:00,35743.113
2019-05-24 19:00:00,35371.73
2019-05-24 20:00:00,34712.21
2019-05-24 21:00:00,34249.195
2019-05-24 22:00:00,33915.42
2019-05-24 23:00:00,32467.0
2019-05-25 00:00:00,27879.922
2019-05-25 01:00:00,26962.13
2019-05-25 02:00:00,25549.867
2019-05-25 03:00:00,24582.889
2019-05-25 04:00:00,23941.908
2019-05-25 05:00:00,23507.79
2019-05-25 06:00:00,23519.154
2019-05-25 07:00:00,23828.514
2019-05-25 08:00:00,25547.02
2019-05-25 09:00:00,28669.746
2019-05-25 10:00:00,30606.953
2019-05-25 11:00:00,32446.807
2019-05-25 12:00:00,33382.16
2019-05-25 13:00:00,33694.492
2019-05-25 14:00:00,33279.61
2019-05-25 15:00:00,33892.05
2019-05-25 16:00:00,33918.87
2019-05-25 17:00:00,33958.98
2019-05-25 18:00:00,33958.98
2019-05-25 19:00:00,33905.348
2019-05-25 20:00:00,33392.727
2019-05-25 21:00:00,33673.34
2019-05-25 22:00:00,33368.895
2019-05-25 23:00:00,32169.059
2019-05-26 00:00:00,28206.24
2019-05-26 01:00:00,26929.354
2019-05-26 02:00:00,25842.857
2019-05-26 03:00:00,24872.855
2019-05-26 04:00:00,23977.504
2019-05-26 05:00:00,23840.092
2019-05-26 06:00:00,23625.832
2019-05-26 07:00:00,23786.146
2019-05-26 08:00:00,24457.107
2019-05-26 09:00:00,26681.117
2019-05-26 10:00:00,28869.004
2019-05-26 11:00:00,30173.482
2019-05-26 12:00:00,30643.365
2019-05-26 13:00:00,31061.936
2019-05-26 14:00:00,31446.266
2019-05-26 15:00:00,31326.115
2019-05-26 16:00:00,31377.375
2019-05-26 17:00:00,31310.918
2019-05-26 18:00:00,31084.783
2019-05-26 19:00:00,30874.121
2019-05-26 20:00:00,30329.293
2019-05-26 21:00:00,30376.217
2019-05-26 22:00:00,29642.465
2019-05-26 23:00:00,27626.05
2019-05-27 00:00:00,25785.65
2019-05-27 01:00:00,24254.672
2019-05-27 02:00:00,23183.924
2019-05-27 03:00:00,22649.35
2019-05-27 04:00:00,22529.041
2019-05-27 05:00:00,22522.574
2019-05-27 06:00:00,22697.84
2019-05-27 07:00:00,22903.334
2019-05-27 08:00:00,23472.52
2019-05-27 09:00:00,24750.959
2019-05-27 10:00:00,26423.012
2019-05-27 11:00:00,27409.69
2019-05-27 12:00:00,28213.76
2019-05-27 13:00:00,28724.02
2019-05-27 14:00:00,29061.342
2019-05-27 15:00:00,29568.598
2019-05-27 16:00:00,29954.62
2019-05-27 17:00:00,30613.697
2019-05-27 18:00:00,30873.826
2019-05-27 19:00:00,30828.016
2019-05-27 20:00:00,31002.504
2019-05-27 21:00:00,31466.262
2019-05-27 22:00:00,30864.715
2019-05-27 23:00:00,28830.836
2019-05-28 00:00:00,26007.924
2019-05-28 01:00:00,24327.531
2019-05-28 02:00:00,23272.742
2019-05-28 03:00:00,22828.096
2019-05-28 04:00:00,22663.283
2019-05-28 05:00:00,22828.096
2019-05-28 06:00:00,24451.438
2019-05-28 07:00:00,26893.434
2019-05-28 08:00:00,29851.469
2019-05-28 09:00:00,31153.674
2019-05-28 10:00:00,32015.172
2019-05-28 11:00:00,33008.574
2019-05-28 12:00:00,33641.684
2019-05-28 13:00:00,34242.98
2019-05-28 14:00:00,34781.477
2019-05-28 15:00:00,35078.105
2019-05-28 16:00:00,35750.918
2019-05-28 17:00:00,36122.3
2019-05-28 18:00:00,35956.355
2019-05-28 19:00:00,35760.863
2019-05-28 20:00:00,35491.074
2019-05-28 21:00:00,35254.645
2019-05-28 22:00:00,34621.875
2019-05-28 23:00:00,33082.31
2019-05-29 00:00:00,27774.504
2019-05-29 01:00:00,26878.984
2019-05-29 02:00:00,25794.965
2019-05-29 03:00:00,24671.586
2019-05-29 04:00:00,24245.594
2019-05-29 05:00:00,24406.295
2019-05-29 06:00:00,25639.162
2019-05-29 07:00:00,27710.004
2019-05-29 08:00:00,30694.035
2019-05-29 09:00:00,32062.395
2019-05-29 10:00:00,33024.56
2019-05-29 11:00:00,33700.51
2019-05-29 12:00:00,34464.473
2019-05-29 13:00:00,34979.203
2019-05-29 14:00:00,35447.715
2019-05-29 15:00:00,35853.04
2019-05-29 16:00:00,36450.492
2019-05-29 17:00:00,37197.08
2019-05-29 18:00:00,37197.08
2019-05-29 19:00:00,36327.938
2019-05-29 20:00:00,35993.805
2019-05-29 21:00:00,35478.758
2019-05-29 22:00:00,34567.68
2019-05-29 23:00:00,32332.793
2019-05-30 00:00:00,27874.059
2019-05-30 01:00:00,26000.742
2019-05-30 02:00:00,24493.938
2019-05-30 03:00:00,23690.168
2019-05-30 04:00:00,23388.656
2019-05-30 05:00:00,23536.613
2019-05-30 06:00:00,25183.82
2019-05-30 07:00:00,27302.607
2019-05-30 08:00:00,30117.105
2019-05-30 09:00:00,31231.79
2019-05-30 10:00:00,31883.443
2019-05-30 11:00:00,32521.424
2019-05-30 12:00:00,33671.746
2019-05-30 13:00:00,34642.07
2019-05-30 14:00:00,35232.504
2019-05-30 15:00:00,35952.625
2019-05-30 16:00:00,36383.375
2019-05-30 17:00:00,36660.688
2019-05-30 18:00:00,36794.6
2019-05-30 19:00:00,36352.406
2019-05-30 20:00:00,35969.164
2019-05-30 21:00:00,35667.367
2019-05-30 22:00:00,34719.758
2019-05-30 23:00:00,32476.42
2019-05-31 00:00:00,27746.94
2019-05-31 01:00:00,26304.34
2019-05-31 02:00:00,24956.16
2019-05-31 03:00:00,24156.01
2019-05-31 04:00:00,23758.648
2019-05-31 05:00:00,24030.418
2019-05-31 06:00:00,25639.162
2019-05-31 07:00:00,27588.924
2019-05-31 08:00:00,30372.213
2019-05-31 09:00:00,31707.771
2019-05-31 10:00:00,32449.383
2019-05-31 11:00:00,33106.887
2019-05-31 12:00:00,33682.6
2019-05-31 13:00:00,34571.508
2019-05-31 14:00:00,35272.387
2019-05-31 15:00:00,35764.96
2019-05-31 16:00:00,35934.9
2019-05-31 17:00:00,36146.945
2019-05-31 18:00:00,36564.383
2019-05-31 19:00:00,35886.492
2019-05-31 20:00:00,35163.562
2019-05-31 21:00:00,35162.867
2019-05-31 22:00:00,34150.324
2019-05-31 23:00:00,32789.715
2019-06-01 00:00:00,28949.762
2019-06-01 01:00:00,26516.45
2019-06-01 02:00:00,25409.803
2019-06-01 03:00:00,24813.586
2019-06-01 04:00:00,24101.219
2019-06-01 05:00:00,23752.646
2019-06-01 06:00:00,23984.719
2019-06-01 07:00:00,24295.701
2019-06-01 08:00:00,26266.348
2019-06-01 09:00:00,28761.227
2019-06-01 10:00:00,30581.752
2019-06-01 11:00:00,31695.03
2019-06-01 12:00:00,32984.34
2019-06-01 13:00:00,33685.773
2019-06-01 14:00:00,34191.625
2019-06-01 15:00:00,34228.766
2019-06-01 16:00:00,34660.78
2019-06-01 17:00:00,34332.938
2019-06-01 18:00:00,34446.84
2019-06-01 19:00:00,34476.484
2019-06-01 20:00:00,34308.17
2019-06-01 21:00:00,34382.695
2019-06-01 22:00:00,33622.273
2019-06-01 23:00:00,31859.562
2019-06-02 00:00:00,27588.305
2019-06-02 01:00:00,26151.176
2019-06-02 02:00:00,24737.428
2019-06-02 03:00:00,23891.568
2019-06-02 04:00:00,23297.428
2019-06-02 05:00:00,23037.084
2019-06-02 06:00:00,23010.016
2019-06-02 07:00:00,22987.549
2019-06-02 08:00:00,23420.3
2019-06-02 09:00:00,24853.564
2019-06-02 10:00:00,25845.97
2019-06-02 11:00:00,26922.738
2019-06-02 12:00:00,28039.902
2019-06-02 13:00:00,28805.633
2019-06-02 14:00:00,29237.137
2019-06-02 15:00:00,29373.037
2019-06-02 16:00:00,29620.543
2019-06-02 17:00:00,29946.645
2019-06-02 18:00:00,30480.898
2019-06-02 19:00:00,30317.6
2019-06-02 20:00:00,29972.701
2019-06-02 21:00:00,30123.406
2019-06-02 22:00:00,29419.258
2019-06-02 23:00:00,27781.266
2019-06-03 00:00:00,25583.66
2019-06-03 01:00:00,23772.926
2019-06-03 02:00:00,22794.975
2019-06-03 03:00:00,22593.395
2019-06-03 04:00:00,22527.0
2019-06-03 05:00:00,22727.229
2019-06-03 06:00:00,23739.664
2019-06-03 07:00:00,26454.271
2019-06-03 08:00:00,28225.246
2019-06-03 09:00:00,29659.355
2019-06-03 10:00:00,30183.646
2019-06-03 11:00:00,31164.488
2019-06-03 12:00:00,31961.137
2019-06-03 13:00:00,32556.076
2019-06-03 14:00:00,32857.58
2019-06-03 15:00:00,33237.16
2019-06-03 16:00:00,33158.973
2019-06-03 17:00:00,33648.08
2019-06-03 18:00:00,33702.82
2019-06-03 19:00:00,33488.4
2019-06-03 20:00:00,33394.59
2019-06-03 21:00:00,33357.44
2019-06-03 22:00:00,32655.135
2019-06-03 23:00:00,30691.947
2019-06-04 00:00:00,26927.63
2019-06-04 01:00:00,25084.816
2019-06-04 02:00:00,23881.691
2019-06-04 03:00:00,23200.11
2019-06-04 04:00:00,23150.059
2019-06-04 05:00:00,23181.19
2019-06-04 06:00:00,24515.217
2019-06-04 07:00:00,26860.172
2019-06-04 08:00:00,28860.13
2019-06-04 09:00:00,30420.033
2019-06-04 10:00:00,30911.889
2019-06-04 11:00:00,31652.777
2019-06-04 12:00:00,32261.596
2019-06-04 13:00:00,32789.06
2019-06-04 14:00:00,33061.34
2019-06-04 15:00:00,33322.023
2019-06-04 16:00:00,34003.28
2019-06-04 17:00:00,34456.67
2019-06-04 18:00:00,34521.047
2019-06-04 19:00:00,33648.938
2019-06-04 20:00:00,33165.137
2019-06-04 21:00:00,32842.49
2019-06-04 22:00:00,32362.516
2019-06-04 23:00:00,30024.393
2019-06-05 00:00:00,26277.111
2019-06-05 01:00:00,24016.924
2019-06-05 02:00:00,22721.926
2019-06-05 03:00:00,22326.896
2019-06-05 04:00:00,22179.213
2019-06-05 05:00:00,22326.896
2019-06-05 06:00:00,23503.291
2019-06-05 07:00:00,25834.367
2019-06-05 08:00:00,27985.762
2019-06-05 09:00:00,29111.646
2019-06-05 10:00:00,29520.762
2019-06-05 11:00:00,30029.61
2019-06-05 12:00:00,30856.176
2019-06-05 13:00:00,31444.646
2019-06-05 14:00:00,31655.244
2019-06-05 15:00:00,31785.498
2019-06-05 16:00:00,31715.541
2019-06-05 17:00:00,31900.904
2019-06-05 18:00:00,31889.371
2019-06-05 19:00:00,31598.838
2019-06-05 20:00:00,31128.0
2019-06-05 21:00:00,31285.984
2019-06-05 22:00:00,30618.625
2019-06-05 23:00:00,28232.088
2019-06-06 00:00:00,24885.09
2019-06-06 01:00:00,23139.676
2019-06-06 02:00:00,22337.947
2019-06-06 03:00:00,22179.213
2019-06-06 04:00:00,22179.213
2019-06-06 05:00:00,22179.213
2019-06-06 06:00:00,23074.2
2019-06-06 07:00:00,25247.51
2019-06-06 08:00:00,27628.965
2019-06-06 09:00:00,28507.127
2019-06-06 10:00:00,29125.307
2019-06-06 11:00:00,29772.559
2019-06-06 12:00:00,30692.078
2019-06-06 13:00:00,31397.996
2019-06-06 14:00:00,32081.432
2019-06-06 15:00:00,32194.193
2019-06-06 16:00:00,32484.14
2019-06-06 17:00:00,32727.705
2019-06-06 18:00:00,33047.023
2019-06-06 19:00:00,32739.51
2019-06-06 20:00:00,32356.164
2019-06-06 21:00:00,32320.346
2019-06-06 22:00:00,31791.96
2019-06-06 23:00:00,29401.287
2019-06-07 00:00:00,25504.615
2019-06-07 01:00:00,23764.615
2019-06-07 02:00:00,22707.31
2019-06-07 03:00:00,22337.947
2019-06-07 04:00:00,22280.127
2019-06-07 05:00:00,22337.947
2019-06-07 06:00:00,23126.752
2019-06-07 07:00:00,25106.332
2019-06-07 08:00:00,27715.385
2019-06-07 09:00:00,28934.357
2019-06-07 10:00:00,29943.67
2019-06-07 11:00:00,30991.951
2019-06-07 12:00:00,32018.578
2019-06-07 13:00:00,32640.098
2019-06-07 14:00:00,33566.598
2019-06-07 15:00:00,33842.594
2019-06-07 16:00:00,34301.46
2019-06-07 17:00:00,35188.867
2019-06-07 18:00:00,35260.812
2019-06-07 19:00:00,34702.273
2019-06-07 20:00:00,33827.047
2019-06-07 21:00:00,33598.79
2019-06-07 22:00:00,33193.117
2019-06-07 23:00:00,31596.254
2019-06-08 00:00:00,26929.055
2019-06-08 01:00:00,25139.586
2019-06-08 02:00:00,23735.457
2019-06-08 03:00:00,23119.754
2019-06-08 04:00:00,22765.832
2019-06-08 05:00:00,22619.678
2019-06-08 06:00:00,22646.766
2019-06-08 07:00:00,22933.627
2019-06-08 08:00:00,24179.096
2019-06-08 09:00:00,26638.654
2019-06-08 10:00:00,28631.28
2019-06-08 11:00:00,30348.033
2019-06-08 12:00:00,31816.484
2019-06-08 13:00:00,33156.453
2019-06-08 14:00:00,34220.363
2019-06-08 15:00:00,35474.04
2019-06-08 16:00:00,36068.523
2019-06-08 17:00:00,36550.484
2019-06-08 18:00:00,37393.227
2019-06-08 19:00:00,37228.15
2019-06-08 20:00:00,36529.992
2019-06-08 21:00:00,35877.22
2019-06-08 22:00:00,34908.273
2019-06-08 23:00:00,32770.324
2019-06-09 00:00:00,28585.678
2019-06-09 01:00:00,27350.098
2019-06-09 02:00:00,26142.629
2019-06-09 03:00:00,24976.799
2019-06-09 04:00:00,24323.271
2019-06-09 05:00:00,23845.871
2019-06-09 06:00:00,23637.35
2019-06-09 07:00:00,23870.91
2019-06-09 08:00:00,25356.537
2019-06-09 09:00:00,27427.855
2019-06-09 10:00:00,29585.291
2019-06-09 11:00:00,31914.174
2019-06-09 12:00:00,33005.67
2019-06-09 13:00:00,33703.598
2019-06-09 14:00:00,33906.58
2019-06-09 15:00:00,34012.637
2019-06-09 16:00:00,34134.336
2019-06-09 17:00:00,34159.89
2019-06-09 18:00:00,34213.023
2019-06-09 19:00:00,33878.54
2019-06-09 20:00:00,33766.727
2019-06-09 21:00:00,33410.055
2019-06-09 22:00:00,32177.518
2019-06-09 23:00:00,30286.203
2019-06-10 00:00:00,27966.705
2019-06-10 01:00:00,25114.82
2019-06-10 02:00:00,24702.658
2019-06-10 03:00:00,24096.264
2019-06-10 04:00:00,23960.777
2019-06-10 05:00:00,24027.559
2019-06-10 06:00:00,25084.188
2019-06-10 07:00:00,27146.168
2019-06-10 08:00:00,29850.244
2019-06-10 09:00:00,31190.951
2019-06-10 10:00:00,31591.2
2019-06-10 11:00:00,32274.697
2019-06-10 12:00:00,33131.957
2019-06-10 13:00:00,33695.555
2019-06-10 14:00:00,33981.902
2019-06-10 15:00:00,34143.945
2019-06-10 16:00:00,34465.484
2019-06-10 17:00:00,34696.023
2019-06-10 18:00:00,34988.727
2019-06-10 19:00:00,34555.633
2019-06-10 20:00:00,34157.242
2019-06-10 21:00:00,34137.68
2019-06-10 22:00:00,33852.64
2019-06-10 23:00:00,31703.8
2019-06-11 00:00:00,28565.658
2019-06-11 01:00:00,26678.771
2019-06-11 02:00:00,24617.4
2019-06-11 03:00:00,24482.129
2019-06-11 04:00:00,24364.543
2019-06-11 05:00:00,24397.871
2019-06-11 06:00:00,25106.453
2019-06-11 07:00:00,27149.27
2019-06-11 08:00:00,29680.887
2019-06-11 09:00:00,30776.043
2019-06-11 10:00:00,31763.512
2019-06-11 11:00:00,32519.104
2019-06-11 12:00:00,33428.594
2019-06-11 13:00:00,33818.883
2019-06-11 14:00:00,34393.48
2019-06-11 15:00:00,34984.047
2019-06-11 16:00:00,35610.36
2019-06-11 17:00:00,36635.906
2019-06-11 18:00:00,36940.83
2019-06-11 19:00:00,36743.164
2019-06-11 20:00:00,36020.633
2019-06-11 21:00:00,35458.492
2019-06-11 22:00:00,34700.164
2019-06-11 23:00:00,33095.766
2019-06-12 00:00:00,28903.52
2019-06-12 01:00:00,27666.322
2019-06-12 02:00:00,26535.176
2019-06-12 03:00:00,24456.135
2019-06-12 04:00:00,24534.365
2019-06-12 05:00:00,24814.164
2019-06-12 06:00:00,26022.5
2019-06-12 07:00:00,28619.205
2019-06-12 08:00:00,31172.766
2019-06-12 09:00:00,31763.074
2019-06-12 10:00:00,32496.795
2019-06-12 11:00:00,34094.46
2019-06-12 12:00:00,35706.707
2019-06-12 13:00:00,36573.844
2019-06-12 14:00:00,37185.605
2019-06-12 15:00:00,37516.523
2019-06-12 16:00:00,37868.6
2019-06-12 17:00:00,38278.453
2019-06-12 18:00:00,38446.656
2019-06-12 19:00:00,38446.656
2019-06-12 20:00:00,37823.14
2019-06-12 21:00:00,37765.695
2019-06-12 22:00:00,37107.953
2019-06-12 23:00:00,34968.793
2019-06-13 00:00:00,28512.457
2019-06-13 01:00:00,27658.113
2019-06-13 02:00:00,26808.18
2019-06-13 03:00:00,25881.611
2019-06-13 04:00:00,25469.611
2019-06-13 05:00:00,25526.092
2019-06-13 06:00:00,26745.896
2019-06-13 07:00:00,28231.291
2019-06-13 08:00:00,30874.477
2019-06-13 09:00:00,32115.76
2019-06-13 10:00:00,33032.82
2019-06-13 11:00:00,33905.418
2019-06-13 12:00:00,35450.125
2019-06-13 13:00:00,35937.96
2019-06-13 14:00:00,36484.41
2019-06-13 15:00:00,36827.547
2019-06-13 16:00:00,37366.71
2019-06-13 17:00:00,37751.086
2019-06-13 18:00:00,37804.39
2019-06-13 19:00:00,37237.523
2019-06-13 20:00:00,36696.758
2019-06-13 21:00:00,36101.28
2019-06-13 22:00:00,35307.516
2019-06-13 23:00:00,33316.594
2019-06-14 00:00:00,27961.715
2019-06-14 01:00:00,26701.455
2019-06-14 02:00:00,25174.236
2019-06-14 03:00:00,24323.852
2019-06-14 04:00:00,23812.078
2019-06-14 05:00:00,24085.008
2019-06-14 06:00:00,25050.773
2019-06-14 07:00:00,27065.03
2019-06-14 08:00:00,29373.986
2019-06-14 09:00:00,31083.252
2019-06-14 10:00:00,32095.95
2019-06-14 11:00:00,32895.824
2019-06-14 12:00:00,34058.875
2019-06-14 13:00:00,35133.445
2019-06-14 14:00:00,36455.715
2019-06-14 15:00:00,36916.92
2019-06-14 16:00:00,37300.9
2019-06-14 17:00:00,37589.625
2019-06-14 18:00:00,37627.336
2019-06-14 19:00:00,37123.18
2019-06-14 20:00:00,35861.867
2019-06-14 21:00:00,34941.914
2019-06-14 22:00:00,34000.773
2019-06-14 23:00:00,32077.326
2019-06-15 00:00:00,27476.531
2019-06-15 01:00:00,25898.621
2019-06-15 02:00:00,24479.893
2019-06-15 03:00:00,23487.383
2019-06-15 04:00:00,23029.652
2019-06-15 05:00:00,23011.67
2019-06-15 06:00:00,23062.174
2019-06-15 07:00:00,23515.014
2019-06-15 08:00:00,24927.139
2019-06-15 09:00:00,26581.414
2019-06-15 10:00:00,28481.03
2019-06-15 11:00:00,30368.76
2019-06-15 12:00:00,32116.324
2019-06-15 13:00:00,33216.35
2019-06-15 14:00:00,33828.598
2019-06-15 15:00:00,34985.14
2019-06-15 16:00:00,36244.617
2019-06-15 17:00:00,36692.46
2019-06-15 18:00:00,36863.32
2019-06-15 19:00:00,36804.445
2019-06-15 20:00:00,36007.25
2019-06-15 21:00:00,35368.0
2019-06-15 22:00:00,34314.227
2019-06-15 23:00:00,32867.863
2019-06-16 00:00:00,27909.518
2019-06-16 01:00:00,26549.22
2019-06-16 02:00:00,25546.219
2019-06-16 03:00:00,24458.56
2019-06-16 04:00:00,23843.213
2019-06-16 05:00:00,23574.783
2019-06-16 06:00:00,23551.955
2019-06-16 07:00:00,23699.617
2019-06-16 08:00:00,25209.057
2019-06-16 09:00:00,27053.49
2019-06-16 10:00:00,29844.77
2019-06-16 11:00:00,32234.254
2019-06-16 12:00:00,34491.195
2019-06-16 13:00:00,35853.35
2019-06-16 14:00:00,37234.17
2019-06-16 15:00:00,37126.8
2019-06-16 16:00:00,37974.29
2019-06-16 17:00:00,38638.03
2019-06-16 18:00:00,38958.992
2019-06-16 19:00:00,38756.703
2019-06-16 20:00:00,37974.29
2019-06-16 21:00:00,37534.93
2019-06-16 22:00:00,36675.26
2019-06-16 23:00:00,35223.742
2019-06-17 00:00:00,31396.504
2019-06-17 01:00:00,28969.111
2019-06-17 02:00:00,27254.047
2019-06-17 03:00:00,26722.422
2019-06-17 04:00:00,26493.463
2019-06-17 05:00:00,26627.254
2019-06-17 06:00:00,27321.303
2019-06-17 07:00:00,29900.217
2019-06-17 08:00:00,32974.09
2019-06-17 09:00:00,34770.605
2019-06-17 10:00:00,36435.35
2019-06-17 11:00:00,38320.45
2019-06-17 12:00:00,40345.227
2019-06-17 13:00:00,41557.094
2019-06-17 14:00:00,42467.582
2019-06-17 15:00:00,42522.91
2019-06-17 16:00:00,42536.207
2019-06-17 17:00:00,42953.01
2019-06-17 18:00:00,42850.598
2019-06-17 19:00:00,42383.543
2019-06-17 20:00:00,42281.617
2019-06-17 21:00:00,41845.742
2019-06-17 22:00:00,40517.246
2019-06-17 23:00:00,38360.324
2019-06-18 00:00:00,32581.68
2019-06-18 01:00:00,30753.586
2019-06-18 02:00:00,29622.46
2019-06-18 03:00:00,28701.318
2019-06-18 04:00:00,27745.006
2019-06-18 05:00:00,27836.404
2019-06-18 06:00:00,29445.412
2019-06-18 07:00:00,31879.541
2019-06-18 08:00:00,33811.105
2019-06-18 09:00:00,35742.73
2019-06-18 10:00:00,37207.53
2019-06-18 11:00:00,38660.625
2019-06-18 12:00:00,40346.1
2019-06-18 13:00:00,40874.547
2019-06-18 14:00:00,41506.637
2019-06-18 15:00:00,41453.336
2019-06-18 16:00:00,41695.79
2019-06-18 17:00:00,41754.625
2019-06-18 18:00:00,41754.625
2019-06-18 19:00:00,41295.836
2019-06-18 20:00:00,41072.82
2019-06-18 21:00:00,39661.68
2019-06-18 22:00:00,38712.527
2019-06-18 23:00:00,36121.117
2019-06-19 00:00:00,30131.514
2019-06-19 01:00:00,28073.865
2019-06-19 02:00:00,27372.29
2019-06-19 03:00:00,26636.344
2019-06-19 04:00:00,26124.518
2019-06-19 05:00:00,26146.906
2019-06-19 06:00:00,27174.742
2019-06-19 07:00:00,28546.428
2019-06-19 08:00:00,31576.492
2019-06-19 09:00:00,33280.016
2019-06-19 10:00:00,35187.82
2019-06-19 11:00:00,36622.73
2019-06-19 12:00:00,37739.098
2019-06-19 13:00:00,39215.0
2019-06-19 14:00:00,40050.715
2019-06-19 15:00:00,40409.758
2019-06-19 16:00:00,40585.164
2019-06-19 17:00:00,40737.492
2019-06-19 18:00:00,40655.96
2019-06-19 19:00:00,40119.805
2019-06-19 20:00:00,39588.125
2019-06-19 21:00:00,38799.5
2019-06-19 22:00:00,37810.434
2019-06-19 23:00:00,35570.133
2019-06-20 00:00:00,29669.46
2019-06-20 01:00:00,27929.98
2019-06-20 02:00:00,27193.043
2019-06-20 03:00:00,26504.354
2019-06-20 04:00:00,25836.125
2019-06-20 05:00:00,26210.611
2019-06-20 06:00:00,27293.113
2019-06-20 07:00:00,28806.969
2019-06-20 08:00:00,31654.709
2019-06-20 09:00:00,32939.26
2019-06-20 10:00:00,34319.82
2019-06-20 11:00:00,35549.266
2019-06-20 12:00:00,37142.71
2019-06-20 13:00:00,38024.04
2019-06-20 14:00:00,38595.816
2019-06-20 15:00:00,39608.094
2019-06-20 16:00:00,40281.047
2019-06-20 17:00:00,40553.86
2019-06-20 18:00:00,40634.438
2019-06-20 19:00:00,39943.93
2019-06-20 20:00:00,39151.156
2019-06-20 21:00:00,38521.047
2019-06-20 22:00:00,37994.53
2019-06-20 23:00:00,35876.06
2019-06-21 00:00:00,31020.723
2019-06-21 01:00:00,28842.916
2019-06-21 02:00:00,27335.713
2019-06-21 03:00:00,26717.46
2019-06-21 04:00:00,26540.828
2019-06-21 05:00:00,26540.828
2019-06-21 06:00:00,27286.557
2019-06-21 07:00:00,28959.703
2019-06-21 08:00:00,31747.975
2019-06-21 09:00:00,33302.11
2019-06-21 10:00:00,34485.414
2019-06-21 11:00:00,35772.656
2019-06-21 12:00:00,37191.375
2019-06-21 13:00:00,38507.492
2019-06-21 14:00:00,39290.98
2019-06-21 15:00:00,39515.438
2019-06-21 16:00:00,39696.39
2019-06-21 17:00:00,39216.83
2019-06-21 18:00:00,38710.875
2019-06-21 19:00:00,37015.08
2019-06-21 20:00:00,35522.07
2019-06-21 21:00:00,35276.383
2019-06-21 22:00:00,34494.156
2019-06-21 23:00:00,33284.82
2019-06-22 00:00:00,29394.633
2019-06-22 01:00:00,27795.857
2019-06-22 02:00:00,25430.752
2019-06-22 03:00:00,25180.879
2019-06-22 04:00:00,24710.936
2019-06-22 05:00:00,24592.43
2019-06-22 06:00:00,24859.316
2019-06-22 07:00:00,25398.166
2019-06-22 08:00:00,26479.6
2019-06-22 09:00:00,27867.729
2019-06-22 10:00:00,30425.443
2019-06-22 11:00:00,31949.576
2019-06-22 12:00:00,33091.0
2019-06-22 13:00:00,33609.055
2019-06-22 14:00:00,34047.082
2019-06-22 15:00:00,34167.414
2019-06-22 16:00:00,34471.78
2019-06-22 17:00:00,34644.836
2019-06-22 18:00:00,35258.562
2019-06-22 19:00:00,35045.867
2019-06-22 20:00:00,34474.438
2019-06-22 21:00:00,34137.945
2019-06-22 22:00:00,33713.227
2019-06-22 23:00:00,32546.188
2019-06-23 00:00:00,28006.44
2019-06-23 01:00:00,26634.244
2019-06-23 02:00:00,25367.402
2019-06-23 03:00:00,24472.324
2019-06-23 04:00:00,23717.037
2019-06-23 05:00:00,23426.373
2019-06-23 06:00:00,23314.963
2019-06-23 07:00:00,23604.955
2019-06-23 08:00:00,24856.393
2019-06-23 09:00:00,27168.37
2019-06-23 10:00:00,29761.002
2019-06-23 11:00:00,31848.14
2019-06-23 12:00:00,34020.54
2019-06-23 13:00:00,35514.43
2019-06-23 14:00:00,37049.78
2019-06-23 15:00:00,37426.555
2019-06-23 16:00:00,37546.5
2019-06-23 17:00:00,38704.867
2019-06-23 18:00:00,38826.58
2019-06-23 19:00:00,38519.812
2019-06-23 20:00:00,37354.39
2019-06-23 21:00:00,37255.14
2019-06-23 22:00:00,36199.805
2019-06-23 23:00:00,33735.418
2019-06-24 00:00:00,28643.393
2019-06-24 01:00:00,27732.13
2019-06-24 02:00:00,26417.514
2019-06-24 03:00:00,25391.123
2019-06-24 04:00:00,25039.723
2019-06-24 05:00:00,25189.025
2019-06-24 06:00:00,26131.502
2019-06-24 07:00:00,28109.139
2019-06-24 08:00:00,31066.824
2019-06-24 09:00:00,32502.24
2019-06-24 10:00:00,33976.1
2019-06-24 11:00:00,35530.9
2019-06-24 12:00:00,36947.87
2019-06-24 13:00:00,38697.89
2019-06-24 14:00:00,39905.73
2019-06-24 15:00:00,40353.297
2019-06-24 16:00:00,41347.883
2019-06-24 17:00:00,41705.742
2019-06-24 18:00:00,41480.79
2019-06-24 19:00:00,41079.008
2019-06-24 20:00:00,39682.547
2019-06-24 21:00:00,38795.992
2019-06-24 22:00:00,36870.242
2019-06-24 23:00:00,34411.598
2019-06-25 00:00:00,28999.732
2019-06-25 01:00:00,27612.508
2019-06-25 02:00:00,26365.082
2019-06-25 03:00:00,25412.932
2019-06-25 04:00:00,25012.477
2019-06-25 05:00:00,25180.803
2019-06-25 06:00:00,26280.475
2019-06-25 07:00:00,28227.367
2019-06-25 08:00:00,30608.586
2019-06-25 09:00:00,32055.89
2019-06-25 10:00:00,32860.8
2019-06-25 11:00:00,33959.44
2019-06-25 12:00:00,36268.5
2019-06-25 13:00:00,37095.582
2019-06-25 14:00:00,38534.758
2019-06-25 15:00:00,39435.176
2019-06-25 16:00:00,39951.934
2019-06-25 17:00:00,40380.605
2019-06-25 18:00:00,40412.94
2019-06-25 19:00:00,39951.934
2019-06-25 20:00:00,38659.363
2019-06-25 21:00:00,37222.746
2019-06-25 22:00:00,36279.98
2019-06-25 23:00:00,33811.477
2019-06-26 00:00:00,28795.725
2019-06-26 01:00:00,27169.193
2019-06-26 02:00:00,26071.365
2019-06-26 03:00:00,25013.924
2019-06-26 04:00:00,24523.57
2019-06-26 05:00:00,24822.842
2019-06-26 06:00:00,26059.707
2019-06-26 07:00:00,27646.746
2019-06-26 08:00:00,30658.943
2019-06-26 09:00:00,32146.406
2019-06-26 10:00:00,32977.773
2019-06-26 11:00:00,34433.938
2019-06-26 12:00:00,35554.625
2019-06-26 13:00:00,36629.88
2019-06-26 14:00:00,37725.17
2019-06-26 15:00:00,38204.957
2019-06-26 16:00:00,38668.34
2019-06-26 17:00:00,38884.363
2019-06-26 18:00:00,39049.645
2019-06-26 19:00:00,38811.996
2019-06-26 20:00:00,38232.613
2019-06-26 21:00:00,36996.668
2019-06-26 22:00:00,36435.19
2019-06-26 23:00:00,33882.07
2019-06-27 00:00:00,28658.523
2019-06-27 01:00:00,27467.125
2019-06-27 02:00:00,26479.928
2019-06-27 03:00:00,25458.688
2019-06-27 04:00:00,25042.135
2019-06-27 05:00:00,25382.738
2019-06-27 06:00:00,26600.357
2019-06-27 07:00:00,28285.545
2019-06-27 08:00:00,31523.607
2019-06-27 09:00:00,32926.426
2019-06-27 10:00:00,34753.207
2019-06-27 11:00:00,36723.727
2019-06-27 12:00:00,38931.523
2019-06-27 13:00:00,39985.176
2019-06-27 14:00:00,41422.562
2019-06-27 15:00:00,43184.87
2019-06-27 16:00:00,43375.168
2019-06-27 17:00:00,43694.81
2019-06-27 18:00:00,43694.81
2019-06-27 19:00:00,43435.043
2019-06-27 20:00:00,42828.63
2019-06-27 21:00:00,41221.38
2019-06-27 22:00:00,40297.273
2019-06-27 23:00:00,37406.75
2019-06-28 00:00:00,31919.44
2019-06-28 01:00:00,28686.395
2019-06-28 02:00:00,27803.549
2019-06-28 03:00:00,27326.695
2019-06-28 04:00:00,26974.9
2019-06-28 05:00:00,27007.389
2019-06-28 06:00:00,27555.426
2019-06-28 07:00:00,29185.64
2019-06-28 08:00:00,32343.291
2019-06-28 09:00:00,34527.77
2019-06-28 10:00:00,36716.31
2019-06-28 11:00:00,39136.65
2019-06-28 12:00:00,41263.617
2019-06-28 13:00:00,43176.504
2019-06-28 14:00:00,43553.67
2019-06-28 15:00:00,43998.566
2019-06-28 16:00:00,44091.543
2019-06-28 17:00:00,44635.035
2019-06-28 18:00:00,44517.99
2019-06-28 19:00:00,44303.777
2019-06-28 20:00:00,42667.7
2019-06-28 21:00:00,42254.527
2019-06-28 22:00:00,40836.46
2019-06-28 23:00:00,37393.824
2019-06-29 00:00:00,32884.266
2019-06-29 01:00:00,29916.826
2019-06-29 02:00:00,27646.658
2019-06-29 03:00:00,27240.139
2019-06-29 04:00:00,26741.223
2019-06-29 05:00:00,26375.354
2019-06-29 06:00:00,26242.596
2019-06-29 07:00:00,27008.234
2019-06-29 08:00:00,29069.803
2019-06-29 09:00:00,31372.936
2019-06-29 10:00:00,33251.195
2019-06-29 11:00:00,34740.203
2019-06-29 12:00:00,36676.89
2019-06-29 13:00:00,38527.336
2019-06-29 14:00:00,39876.516
2019-06-29 15:00:00,40082.8
2019-06-29 16:00:00,40345.684
2019-06-29 17:00:00,40603.95
2019-06-29 18:00:00,40550.48
2019-06-29 19:00:00,39765.598
2019-06-29 20:00:00,38262.41
2019-06-29 21:00:00,37999.69
2019-06-29 22:00:00,37846.316
2019-06-29 23:00:00,36060.312
2019-06-30 00:00:00,31321.197
2019-06-30 01:00:00,30011.568
2019-06-30 02:00:00,28005.078
2019-06-30 03:00:00,26666.893
2019-06-30 04:00:00,26383.246
2019-06-30 05:00:00,26056.264
2019-06-30 06:00:00,25738.752
2019-06-30 07:00:00,25793.498
2019-06-30 08:00:00,28437.047
2019-06-30 09:00:00,30902.807
2019-06-30 10:00:00,32954.742
2019-06-30 11:00:00,35419.395
2019-06-30 12:00:00,37351.04
2019-06-30 13:00:00,37935.574
2019-06-30 14:00:00,39358.137
2019-06-30 15:00:00,40099.086
2019-06-30 16:00:00,40155.473
2019-06-30 17:00:00,40312.26
2019-06-30 18:00:00,40312.26
2019-06-30 19:00:00,40312.26
2019-06-30 20:00:00,40026.48
2019-06-30 21:00:00,39266.316
2019-06-30 22:00:00,38605.125
2019-06-30 23:00:00,36832.645
2019-07-01 00:00:00,34507.523
2019-07-01 01:00:00,31041.23
2019-07-01 02:00:00,29533.285
2019-07-01 03:00:00,28007.232
2019-07-01 04:00:00,27017.783
2019-07-01 05:00:00,26957.58
2019-07-01 06:00:00,27549.139
2019-07-01 07:00:00,30412.268
2019-07-01 08:00:00,32573.824
2019-07-01 09:00:00,35690.34
2019-07-01 10:00:00,37424.047
2019-07-01 11:00:00,38876.41
2019-07-01 12:00:00,40925.89
2019-07-01 13:00:00,42135.34
2019-07-01 14:00:00,43080.14
2019-07-01 15:00:00,43236.715
2019-07-01 16:00:00,43250.01
2019-07-01 17:00:00,43250.01
2019-07-01 18:00:00,43250.01
2019-07-01 19:00:00,43120.168
2019-07-01 20:00:00,43056.55
2019-07-01 21:00:00,42439.2
2019-07-01 22:00:00,40362.43
2019-07-01 23:00:00,38659.598
2019-07-02 00:00:00,35330.71
2019-07-02 01:00:00,32321.33
2019-07-02 02:00:00,30904.752
2019-07-02 03:00:00,30034.443
2019-07-02 04:00:00,29570.494
2019-07-02 05:00:00,28979.559
2019-07-02 06:00:00,30425.766
2019-07-02 07:00:00,32148.174
2019-07-02 08:00:00,34205.0
2019-07-02 09:00:00,36637.367
2019-07-02 10:00:00,38200.887
2019-07-02 11:00:00,40593.383
2019-07-02 12:00:00,41955.117
2019-07-02 13:00:00,43507.51
2019-07-02 14:00:00,44689.992
2019-07-02 15:00:00,45493.69
2019-07-02 16:00:00,45529.004
2019-07-02 17:00:00,45585.94
2019-07-02 18:00:00,45135.824
2019-07-02 19:00:00,44100.383
2019-07-02 20:00:00,43254.66
2019-07-02 21:00:00,42496.668
2019-07-02 22:00:00,41675.227
2019-07-02 23:00:00,39599.4
2019-07-03 00:00:00,33834.363
2019-07-03 01:00:00,31605.012
2019-07-03 02:00:00,29986.285
2019-07-03 03:00:00,29007.29
2019-07-03 04:00:00,27981.682
2019-07-03 05:00:00,27950.639
2019-07-03 06:00:00,28392.025
2019-07-03 07:00:00,30112.504
2019-07-03 08:00:00,32789.582
2019-07-03 09:00:00,35331.992
2019-07-03 10:00:00,38436.145
2019-07-03 11:00:00,40582.008
2019-07-03 12:00:00,42180.27
2019-07-03 13:00:00,43103.895
2019-07-03 14:00:00,44025.6
2019-07-03 15:00:00,44155.3
2019-07-03 16:00:00,44196.996
2019-07-03 17:00:00,44196.996
2019-07-03 18:00:00,44033.855
2019-07-03 19:00:00,43940.496
2019-07-03 20:00:00,43022.668
2019-07-03 21:00:00,42343.465
2019-07-03 22:00:00,42094.33
2019-07-03 23:00:00,39568.164
2019-07-04 00:00:00,33293.934
2019-07-04 01:00:00,31659.781
2019-07-04 02:00:00,29569.129
2019-07-04 03:00:00,28548.465
2019-07-04 04:00:00,28366.393
2019-07-04 05:00:00,28270.074
2019-07-04 06:00:00,28669.521
2019-07-04 07:00:00,32309.055
2019-07-04 08:00:00,34937.32
2019-07-04 09:00:00,37425.625
2019-07-04 10:00:00,39519.49
2019-07-04 11:00:00,41169.65
2019-07-04 12:00:00,42030.04
2019-07-04 13:00:00,42861.34
2019-07-04 14:00:00,43030.0
2019-07-04 15:00:00,43063.32
2019-07-04 16:00:00,43298.35
2019-07-04 17:00:00,43298.35
2019-07-04 18:00:00,43932.918
2019-07-04 19:00:00,43076.617
2019-07-04 20:00:00,42849.215
2019-07-04 21:00:00,42849.215
2019-07-04 22:00:00,42171.04
2019-07-04 23:00:00,40647.633
2019-07-05 00:00:00,35040.766
2019-07-05 01:00:00,32985.254
2019-07-05 02:00:00,31176.238
2019-07-05 03:00:00,29890.602
2019-07-05 04:00:00,29397.422
2019-07-05 05:00:00,29407.686
2019-07-05 06:00:00,30511.506
2019-07-05 07:00:00,32876.242
2019-07-05 08:00:00,34927.39
2019-07-05 09:00:00,37344.207
2019-07-05 10:00:00,39386.59
2019-07-05 11:00:00,40812.57
2019-07-05 12:00:00,41672.598
2019-07-05 13:00:00,42262.7
2019-07-05 14:00:00,42626.17
2019-07-05 15:00:00,43252.277
2019-07-05 16:00:00,43666.45
2019-07-05 17:00:00,43899.26
2019-07-05 18:00:00,43853.26
2019-07-05 19:00:00,43812.098
2019-07-05 20:00:00,42564.793
2019-07-05 21:00:00,40790.98
2019-07-05 22:00:00,39518.05
2019-07-05 23:00:00,37094.938
2019-07-06 00:00:00,29881.375
2019-07-06 01:00:00,28921.463
2019-07-06 02:00:00,28000.22
2019-07-06 03:00:00,27233.375
2019-07-06 04:00:00,26389.178
2019-07-06 05:00:00,26075.611
2019-07-06 06:00:00,26010.7
2019-07-06 07:00:00,26319.0
2019-07-06 08:00:00,27409.518
2019-07-06 09:00:00,29231.766
2019-07-06 10:00:00,30788.824
2019-07-06 11:00:00,32765.072
2019-07-06 12:00:00,34200.656
2019-07-06 13:00:00,34542.145
2019-07-06 14:00:00,35036.75
2019-07-06 15:00:00,35555.582
2019-07-06 16:00:00,36807.754
2019-07-06 17:00:00,37905.95
2019-07-06 18:00:00,38609.402
2019-07-06 19:00:00,37953.043
2019-07-06 20:00:00,36590.902
2019-07-06 21:00:00,35176.402
2019-07-06 22:00:00,34688.645
2019-07-06 23:00:00,33439.85
2019-07-07 00:00:00,28708.623
2019-07-07 01:00:00,27184.338
2019-07-07 02:00:00,26053.764
2019-07-07 03:00:00,24853.883
2019-07-07 04:00:00,24078.568
2019-07-07 05:00:00,23756.158
2019-07-07 06:00:00,23501.148
2019-07-07 07:00:00,23542.842
2019-07-07 08:00:00,24812.373
2019-07-07 09:00:00,26821.506
2019-07-07 10:00:00,28537.586
2019-07-07 11:00:00,30143.754
2019-07-07 12:00:00,32258.236
2019-07-07 13:00:00,33653.066
2019-07-07 14:00:00,34591.37
2019-07-07 15:00:00,35648.766
2019-07-07 16:00:00,37061.06
2019-07-07 17:00:00,37868.45
2019-07-07 18:00:00,38598.832
2019-07-07 19:00:00,38474.598
2019-07-07 20:00:00,38136.332
2019-07-07 21:00:00,37141.668
2019-07-07 22:00:00,36064.324
2019-07-07 23:00:00,33652.867
2019-07-08 00:00:00,28867.35
2019-07-08 01:00:00,27693.9
2019-07-08 02:00:00,26141.94
2019-07-08 03:00:00,25180.025
2019-07-08 04:00:00,24717.883
2019-07-08 05:00:00,24862.625
2019-07-08 06:00:00,26378.656
2019-07-08 07:00:00,27927.88
2019-07-08 08:00:00,30678.262
2019-07-08 09:00:00,32674.916
2019-07-08 10:00:00,34212.125
2019-07-08 11:00:00,36217.562
2019-07-08 12:00:00,38105.68
2019-07-08 13:00:00,39276.2
2019-07-08 14:00:00,41875.617
2019-07-08 15:00:00,42614.355
2019-07-08 16:00:00,43283.668
2019-07-08 17:00:00,44152.56
2019-07-08 18:00:00,44232.316
2019-07-08 19:00:00,44152.56
2019-07-08 20:00:00,43613.16
2019-07-08 21:00:00,42097.637
2019-07-08 22:00:00,40486.83
2019-07-08 23:00:00,37456.17
2019-07-09 00:00:00,31391.777
2019-07-09 01:00:00,28799.916
2019-07-09 02:00:00,27919.084
2019-07-09 03:00:00,27278.605
2019-07-09 04:00:00,27011.244
2019-07-09 05:00:00,27011.244
2019-07-09 06:00:00,27701.02
2019-07-09 07:00:00,29401.434
2019-07-09 08:00:00,32601.51
2019-07-09 09:00:00,35123.258
2019-07-09 10:00:00,36838.37
2019-07-09 11:00:00,39009.734
2019-07-09 12:00:00,42062.695
2019-07-09 13:00:00,43661.38
2019-07-09 14:00:00,44200.125
2019-07-09 15:00:00,44579.77
2019-07-09 16:00:00,45126.223
2019-07-09 17:00:00,45126.223
2019-07-09 18:00:00,45140.65
2019-07-09 19:00:00,45140.65
2019-07-09 20:00:00,45084.652
2019-07-09 21:00:00,44308.52
2019-07-09 22:00:00,43519.86
2019-07-09 23:00:00,40286.52
2019-07-10 00:00:00,35337.504
2019-07-10 01:00:00,32026.68
2019-07-10 02:00:00,29461.564
2019-07-10 03:00:00,28472.227
2019-07-10 04:00:00,28302.637
2019-07-10 05:00:00,28312.314
2019-07-10 06:00:00,28867.6
2019-07-10 07:00:00,32156.148
2019-07-10 08:00:00,35159.77
2019-07-10 09:00:00,36850.152
2019-07-10 10:00:00,38555.812
2019-07-10 11:00:00,41172.355
2019-07-10 12:00:00,42710.816
2019-07-10 13:00:00,43940.848
2019-07-10 14:00:00,44346.07
2019-07-10 15:00:00,44545.457
2019-07-10 16:00:00,45063.824
2019-07-10 17:00:00,45063.824
2019-07-10 18:00:00,45073.99
2019-07-10 19:00:00,44450.62
2019-07-10 20:00:00,43986.887
2019-07-10 21:00:00,43258.434
2019-07-10 22:00:00,42628.72
2019-07-10 23:00:00,40056.062
2019-07-11 00:00:00,34324.074
2019-07-11 01:00:00,30546.371
2019-07-11 02:00:00,29729.275
2019-07-11 03:00:00,28613.416
2019-07-11 04:00:00,28369.795
2019-07-11 05:00:00,28307.615
2019-07-11 06:00:00,29025.5
2019-07-11 07:00:00,31399.613
2019-07-11 08:00:00,34598.34
2019-07-11 09:00:00,36885.457
2019-07-11 10:00:00,39236.13
2019-07-11 11:00:00,41299.508
2019-07-11 12:00:00,42963.105
2019-07-11 13:00:00,44041.184
2019-07-11 14:00:00,44288.773
2019-07-11 15:00:00,44348.824
2019-07-11 16:00:00,44636.168
2019-07-11 17:00:00,44636.168
2019-07-11 18:00:00,44609.152
2019-07-11 19:00:00,44482.582
2019-07-11 20:00:00,44227.887
2019-07-11 21:00:00,44062.56
2019-07-11 22:00:00,42946.35
2019-07-11 23:00:00,40534.484
2019-07-12 00:00:00,34855.055
2019-07-12 01:00:00,31016.992
2019-07-12 02:00:00,29453.512
2019-07-12 03:00:00,28664.555
2019-07-12 04:00:00,28265.521
2019-07-12 05:00:00,28245.38
2019-07-12 06:00:00,28941.158
2019-07-12 07:00:00,31592.72
2019-07-12 08:00:00,33423.9
2019-07-12 09:00:00,36640.46
2019-07-12 10:00:00,38121.082
2019-07-12 11:00:00,40332.094
2019-07-12 12:00:00,41972.41
2019-07-12 13:00:00,43518.55
2019-07-12 14:00:00,43877.047
2019-07-12 15:00:00,44016.035
2019-07-12 16:00:00,44303.38
2019-07-12 17:00:00,44246.44
2019-07-12 18:00:00,43845.566
2019-07-12 19:00:00,43602.66
2019-07-12 20:00:00,42681.832
2019-07-12 21:00:00,42487.24
2019-07-12 22:00:00,40879.668
2019-07-12 23:00:00,38445.434
2019-07-13 00:00:00,31212.215
2019-07-13 01:00:00,29463.117
2019-07-13 02:00:00,28713.697
2019-07-13 03:00:00,27895.781
2019-07-13 04:00:00,27457.836
2019-07-13 05:00:00,27265.783
2019-07-13 06:00:00,27292.871
2019-07-13 07:00:00,27449.367
2019-07-13 08:00:00,29483.643
2019-07-13 09:00:00,32173.613
2019-07-13 10:00:00,34085.51
2019-07-13 11:00:00,37425.316
2019-07-13 12:00:00,39216.38
2019-07-13 13:00:00,40258.145
2019-07-13 14:00:00,42061.56
2019-07-13 15:00:00,42213.35
2019-07-13 16:00:00,42589.64
2019-07-13 17:00:00,43264.562
2019-07-13 18:00:00,42905.062
2019-07-13 19:00:00,42302.945
2019-07-13 20:00:00,40905.65
2019-07-13 21:00:00,39718.914
2019-07-13 22:00:00,39029.44
2019-07-13 23:00:00,36864.07
2019-07-14 00:00:00,31646.062
2019-07-14 01:00:00,28578.74
2019-07-14 02:00:00,28214.135
2019-07-14 03:00:00,27571.518
2019-07-14 04:00:00,26878.908
2019-07-14 05:00:00,26298.367
2019-07-14 06:00:00,26166.99
2019-07-14 07:00:00,26197.535
2019-07-14 08:00:00,27948.027
2019-07-14 09:00:00,30712.172
2019-07-14 10:00:00,32295.854
2019-07-14 11:00:00,34651.11
2019-07-14 12:00:00,36502.957
2019-07-14 13:00:00,38467.13
2019-07-14 14:00:00,39289.785
2019-07-14 15:00:00,40309.258
2019-07-14 16:00:00,41707.074
2019-07-14 17:00:00,42737.523
2019-07-14 18:00:00,42955.758
2019-07-14 19:00:00,42959.79
2019-07-14 20:00:00,42870.42
2019-07-14 21:00:00,41632.203
2019-07-14 22:00:00,40226.48
2019-07-14 23:00:00,37899.098
2019-07-15 00:00:00,33348.734
2019-07-15 01:00:00,29177.434
2019-07-15 02:00:00,28798.074
2019-07-15 03:00:00,28512.104
2019-07-15 04:00:00,28300.502
2019-07-15 05:00:00,28389.715
2019-07-15 06:00:00,28884.781
2019-07-15 07:00:00,31018.299
2019-07-15 08:00:00,35232.723
2019-07-15 09:00:00,37728.406
2019-07-15 10:00:00,40186.62
2019-07-15 11:00:00,42986.63
2019-07-15 12:00:00,44071.29
2019-07-15 13:00:00,44935.082
2019-07-15 14:00:00,45118.168
2019-07-15 15:00:00,45791.184
2019-07-15 16:00:00,45804.48
2019-07-15 17:00:00,45804.48
2019-07-15 18:00:00,45755.652
2019-07-15 19:00:00,45755.652
2019-07-15 20:00:00,44977.113
2019-07-15 21:00:00,44768.027
2019-07-15 22:00:00,43192.28
2019-07-15 23:00:00,40308.8
2019-07-16 00:00:00,36354.38
2019-07-16 01:00:00,32121.803
2019-07-16 02:00:00,30755.1
2019-07-16 03:00:00,29832.14
2019-07-16 04:00:00,29240.193
2019-07-16 05:00:00,29258.709
2019-07-16 06:00:00,30276.975
2019-07-16 07:00:00,32630.033
2019-07-16 08:00:00,36057.34
2019-07-16 09:00:00,38265.332
2019-07-16 10:00:00,39263.332
2019-07-16 11:00:00,42394.727
2019-07-16 12:00:00,44250.805
2019-07-16 13:00:00,44883.8
2019-07-16 14:00:00,45088.875
2019-07-16 15:00:00,45112.926
2019-07-16 16:00:00,44697.184
2019-07-16 17:00:00,44579.887
2019-07-16 18:00:00,44579.887
2019-07-16 19:00:00,44305.84
2019-07-16 20:00:00,43756.637
2019-07-16 21:00:00,43077.918
2019-07-16 22:00:00,42388.28
2019-07-16 23:00:00,38792.11
2019-07-17 00:00:00,33162.03
2019-07-17 01:00:00,29756.113
2019-07-17 02:00:00,28576.55
2019-07-17 03:00:00,28055.768
2019-07-17 04:00:00,27728.809
2019-07-17 05:00:00,27728.809
2019-07-17 06:00:00,28274.541
2019-07-17 07:00:00,30406.914
2019-07-17 08:00:00,33524.676
2019-07-17 09:00:00,35244.125
2019-07-17 10:00:00,37354.645
2019-07-17 11:00:00,39084.273
2019-07-17 12:00:00,40645.758
2019-07-17 13:00:00,42534.387
2019-07-17 14:00:00,43092.297
2019-07-17 15:00:00,43496.863
2019-07-17 16:00:00,43997.7
2019-07-17 17:00:00,44606.902
2019-07-17 18:00:00,44606.902
2019-07-17 19:00:00,44373.793
2019-07-17 20:00:00,43369.566
2019-07-17 21:00:00,42772.137
2019-07-17 22:00:00,41168.31
2019-07-17 23:00:00,38618.83
2019-07-18 00:00:00,31413.45
2019-07-18 01:00:00,30151.73
2019-07-18 02:00:00,29165.078
2019-07-18 03:00:00,28435.783
2019-07-18 04:00:00,27166.625
2019-07-18 05:00:00,27166.625
2019-07-18 06:00:00,28423.162
2019-07-18 07:00:00,30276.592
2019-07-18 08:00:00,32491.176
2019-07-18 09:00:00,33953.523
2019-07-18 10:00:00,36631.934
2019-07-18 11:00:00,39252.89
2019-07-18 12:00:00,40807.53
2019-07-18 13:00:00,42154.926
2019-07-18 14:00:00,43291.21
2019-07-18 15:00:00,44066.574
2019-07-18 16:00:00,44274.465
2019-07-18 17:00:00,44362.12
2019-07-18 18:00:00,44636.168
2019-07-18 19:00:00,44362.12
2019-07-18 20:00:00,44212.77
2019-07-18 21:00:00,43156.01
2019-07-18 22:00:00,41824.645
2019-07-18 23:00:00,39504.953
2019-07-19 00:00:00,31915.992
2019-07-19 01:00:00,30649.215
2019-07-19 02:00:00,29671.482
2019-07-19 03:00:00,28907.438
2019-07-19 04:00:00,27813.14
2019-07-19 05:00:00,27797.373
2019-07-19 06:00:00,28969.791
2019-07-19 07:00:00,30768.879
2019-07-19 08:00:00,33067.85
2019-07-19 09:00:00,35618.312
2019-07-19 10:00:00,38521.58
2019-07-19 11:00:00,40799.84
2019-07-19 12:00:00,42735.996
2019-07-19 13:00:00,43881.27
2019-07-19 14:00:00,44209.844
2019-07-19 15:00:00,44228.74
2019-07-19 16:00:00,44320.965
2019-07-19 17:00:00,44362.12
2019-07-19 18:00:00,44362.12
2019-07-19 19:00:00,44242.035
2019-07-19 20:00:00,43325.652
2019-07-19 21:00:00,42819.566
2019-07-19 22:00:00,42275.996
2019-07-19 23:00:00,40250.742
2019-07-20 00:00:00,32545.162
2019-07-20 01:00:00,31307.0
2019-07-20 02:00:00,30286.695
2019-07-20 03:00:00,29103.49
2019-07-20 04:00:00,27819.066
2019-07-20 05:00:00,27305.965
2019-07-20 06:00:00,27361.13
2019-07-20 07:00:00,28488.004
2019-07-20 08:00:00,30487.78
2019-07-20 09:00:00,33077.77
2019-07-20 10:00:00,34060.65
2019-07-20 11:00:00,35565.51
2019-07-20 12:00:00,37658.973
2019-07-20 13:00:00,38237.168
2019-07-20 14:00:00,38281.938
2019-07-20 15:00:00,37287.74
2019-07-20 16:00:00,37210.19
2019-07-20 17:00:00,37102.074
2019-07-20 18:00:00,36980.76
2019-07-20 19:00:00,36859.863
2019-07-20 20:00:00,36273.45
2019-07-20 21:00:00,35978.246
2019-07-20 22:00:00,35483.613
2019-07-20 23:00:00,35144.73
2019-07-21 00:00:00,31356.979
2019-07-21 01:00:00,29000.396
2019-07-21 02:00:00,27527.467
2019-07-21 03:00:00,27106.791
2019-07-21 04:00:00,26844.395
2019-07-21 05:00:00,26647.03
2019-07-21 06:00:00,26738.867
2019-07-21 07:00:00,26848.012
2019-07-21 08:00:00,27988.361
2019-07-21 09:00:00,29720.68
2019-07-21 10:00:00,32510.79
2019-07-21 11:00:00,34046.69
2019-07-21 12:00:00,36152.53
2019-07-21 13:00:00,39104.17
2019-07-21 14:00:00,40932.316
2019-07-21 15:00:00,41264.32
2019-07-21 16:00:00,41875.56
2019-07-21 17:00:00,42107.94
2019-07-21 18:00:00,41997.043
2019-07-21 19:00:00,41707.074
2019-07-21 20:00:00,40854.887
2019-07-21 21:00:00,40594.26
2019-07-21 22:00:00,39881.293
2019-07-21 23:00:00,37828.93
2019-07-22 00:00:00,31244.21
2019-07-22 01:00:00,29705.512
2019-07-22 02:00:00,29392.275
2019-07-22 03:00:00,28988.184
2019-07-22 04:00:00,28823.178
2019-07-22 05:00:00,28955.475
2019-07-22 06:00:00,29509.582
2019-07-22 07:00:00,32729.75
2019-07-22 08:00:00,35565.504
2019-07-22 09:00:00,37863.055
2019-07-22 10:00:00,39100.7
2019-07-22 11:00:00,40626.81
2019-07-22 12:00:00,42680.465
2019-07-22 13:00:00,43250.582
2019-07-22 14:00:00,43997.14
2019-07-22 15:00:00,44318.473
2019-07-22 16:00:00,44482.06
2019-07-22 17:00:00,44589.59
2019-07-22 18:00:00,44589.59
2019-07-22 19:00:00,44208.01
2019-07-22 20:00:00,43941.668
2019-07-22 21:00:00,43451.434
2019-07-22 22:00:00,41932.21
2019-07-22 23:00:00,39288.406
2019-07-23 00:00:00,33195.9
2019-07-23 01:00:00,30383.094
2019-07-23 02:00:00,29070.68
2019-07-23 03:00:00,28927.62
2019-07-23 04:00:00,28523.076
2019-07-23 05:00:00,28524.59
2019-07-23 06:00:00,29044.754
2019-07-23 07:00:00,32433.355
2019-07-23 08:00:00,34566.69
2019-07-23 09:00:00,36197.105
2019-07-23 10:00:00,38262.78
2019-07-23 11:00:00,40692.246
2019-07-23 12:00:00,41723.695
2019-07-23 13:00:00,42170.99
2019-07-23 14:00:00,42609.29
2019-07-23 15:00:00,42808.51
2019-07-23 16:00:00,42821.81
2019-07-23 17:00:00,43043.543
2019-07-23 18:00:00,43043.543
2019-07-23 19:00:00,42547.76
2019-07-23 20:00:00,42284.176
2019-07-23 21:00:00,42251.754
2019-07-23 22:00:00,41659.664
2019-07-23 23:00:00,37949.004
2019-07-24 00:00:00,32682.713
2019-07-24 01:00:00,30506.32
2019-07-24 02:00:00,28928.932
2019-07-24 03:00:00,28779.977
2019-07-24 04:00:00,28287.457
2019-07-24 05:00:00,28321.973
2019-07-24 06:00:00,29039.68
2019-07-24 07:00:00,31866.191
2019-07-24 08:00:00,34271.992
2019-07-24 09:00:00,35361.21
2019-07-24 10:00:00,37422.227
2019-07-24 11:00:00,39305.82
2019-07-24 12:00:00,41509.125
2019-07-24 13:00:00,42050.902
2019-07-24 14:00:00,42427.914
2019-07-24 15:00:00,42756.2
2019-07-24 16:00:00,42769.496
2019-07-24 17:00:00,43328.613
2019-07-24 18:00:00,43287.45
2019-07-24 19:00:00,42649.402
2019-07-24 20:00:00,42516.504
2019-07-24 21:00:00,41538.316
2019-07-24 22:00:00,40698.605
2019-07-24 23:00:00,37997.87
2019-07-25 00:00:00,30846.318
2019-07-25 01:00:00,29679.656
2019-07-25 02:00:00,28894.658
2019-07-25 03:00:00,28374.229
2019-07-25 04:00:00,27940.541
2019-07-25 05:00:00,27978.898
2019-07-25 06:00:00,29054.0
2019-07-25 07:00:00,30749.229
2019-07-25 08:00:00,33625.535
2019-07-25 09:00:00,35702.043
2019-07-25 10:00:00,37716.355
2019-07-25 11:00:00,40196.83
2019-07-25 12:00:00,41766.715
2019-07-25 13:00:00,42480.98
2019-07-25 14:00:00,43079.594
2019-07-25 15:00:00,43597.395
2019-07-25 16:00:00,43773.824
2019-07-25 17:00:00,44391.902
2019-07-25 18:00:00,44763.51
2019-07-25 19:00:00,44300.24
2019-07-25 20:00:00,43166.7
2019-07-25 21:00:00,43109.402
2019-07-25 22:00:00,41512.438
2019-07-25 23:00:00,38677.902
2019-07-26 00:00:00,33418.97
2019-07-26 01:00:00,30395.256
2019-07-26 02:00:00,28842.078
2019-07-26 03:00:00,28550.936
2019-07-26 04:00:00,28435.773
2019-07-26 05:00:00,28481.463
2019-07-26 06:00:00,28844.586
2019-07-26 07:00:00,30711.625
2019-07-26 08:00:00,33970.934
2019-07-26 09:00:00,36144.36
2019-07-26 10:00:00,37720.656
2019-07-26 11:00:00,39840.137
2019-07-26 12:00:00,42205.703
2019-07-26 13:00:00,43608.55
2019-07-26 14:00:00,44191.58
2019-07-26 15:00:00,44402.77
2019-07-26 16:00:00,44391.465
2019-07-26 17:00:00,44334.527
2019-07-26 18:00:00,44246.44
2019-07-26 19:00:00,43328.613
2019-07-26 20:00:00,42620.137
2019-07-26 21:00:00,41236.91
2019-07-26 22:00:00,39743.24
2019-07-26 23:00:00,37287.52
2019-07-27 00:00:00,30758.742
2019-07-27 01:00:00,29110.309
2019-07-27 02:00:00,28541.395
2019-07-27 03:00:00,28091.203
2019-07-27 04:00:00,27279.748
2019-07-27 05:00:00,26987.373
2019-07-27 06:00:00,27204.38
2019-07-27 07:00:00,27361.275
2019-07-27 08:00:00,29184.902
2019-07-27 09:00:00,31372.09
2019-07-27 10:00:00,33387.957
2019-07-27 11:00:00,34760.02
2019-07-27 12:00:00,36565.215
2019-07-27 13:00:00,37448.31
2019-07-27 14:00:00,38652.793
2019-07-27 15:00:00,38765.9
2019-07-27 16:00:00,38531.64
2019-07-27 17:00:00,38804.453
2019-07-27 18:00:00,38708.656
2019-07-27 19:00:00,37940.67
2019-07-27 20:00:00,37634.336
2019-07-27 21:00:00,36556.223
2019-07-27 22:00:00,36076.496
2019-07-27 23:00:00,34601.812
2019-07-28 00:00:00,29213.61
2019-07-28 01:00:00,28213.781
2019-07-28 02:00:00,27274.48
2019-07-28 03:00:00,26399.627
2019-07-28 04:00:00,25626.97
2019-07-28 05:00:00,25237.066
2019-07-28 06:00:00,25177.0
2019-07-28 07:00:00,25150.146
2019-07-28 08:00:00,26069.35
2019-07-28 09:00:00,28451.035
2019-07-28 10:00:00,30461.283
2019-07-28 11:00:00,32109.553
2019-07-28 12:00:00,33712.246
2019-07-28 13:00:00,35696.02
2019-07-28 14:00:00,36662.62
2019-07-28 15:00:00,37617.82
2019-07-28 16:00:00,38712.254
2019-07-28 17:00:00,40621.766
2019-07-28 18:00:00,40804.79
2019-07-28 19:00:00,40446.93
2019-07-28 20:00:00,39081.418
2019-07-28 21:00:00,38803.8
2019-07-28 22:00:00,37861.63
2019-07-28 23:00:00,34996.508
2019-07-29 00:00:00,29685.738
2019-07-29 01:00:00,28683.727
2019-07-29 02:00:00,27390.639
2019-07-29 03:00:00,26741.42
2019-07-29 04:00:00,26405.828
2019-07-29 05:00:00,26570.332
2019-07-29 06:00:00,27692.543
2019-07-29 07:00:00,29474.803
2019-07-29 08:00:00,32149.172
2019-07-29 09:00:00,33765.035
2019-07-29 10:00:00,35180.395
2019-07-29 11:00:00,37291.387
2019-07-29 12:00:00,39050.27
2019-07-29 13:00:00,39922.973
2019-07-29 14:00:00,40889.22
2019-07-29 15:00:00,41594.887
2019-07-29 16:00:00,42201.668
2019-07-29 17:00:00,42309.207
2019-07-29 18:00:00,41951.348
2019-07-29 19:00:00,41475.31
2019-07-29 20:00:00,40794.027
2019-07-29 21:00:00,40477.81
2019-07-29 22:00:00,38653.363
2019-07-29 23:00:00,36038.82
2019-07-30 00:00:00,30510.54
2019-07-30 01:00:00,28602.36
2019-07-30 02:00:00,27848.973
2019-07-30 03:00:00,27446.125
2019-07-30 04:00:00,27094.096
2019-07-30 05:00:00,27296.225
2019-07-30 06:00:00,28150.633
2019-07-30 07:00:00,29837.527
2019-07-30 08:00:00,32425.418
2019-07-30 09:00:00,34349.344
2019-07-30 10:00:00,35987.184
2019-07-30 11:00:00,37590.29
2019-07-30 12:00:00,40188.086
2019-07-30 13:00:00,41655.402
2019-07-30 14:00:00,42912.83
2019-07-30 15:00:00,43189.74
2019-07-30 16:00:00,43724.207
2019-07-30 17:00:00,43724.207
2019-07-30 18:00:00,43724.207
2019-07-30 19:00:00,43097.473
2019-07-30 20:00:00,42608.152
2019-07-30 21:00:00,42021.723
2019-07-30 22:00:00,40291.684
2019-07-30 23:00:00,36781.227
2019-07-31 00:00:00,31680.988
2019-07-31 01:00:00,28733.137
2019-07-31 02:00:00,28197.244
2019-07-31 03:00:00,27853.154
2019-07-31 04:00:00,27523.639
2019-07-31 05:00:00,27631.771
2019-07-31 06:00:00,28273.56
2019-07-31 07:00:00,30851.406
2019-07-31 08:00:00,33376.78
2019-07-31 09:00:00,35520.105
2019-07-31 10:00:00,36855.957
2019-07-31 11:00:00,39425.33
2019-07-31 12:00:00,41237.668
2019-07-31 13:00:00,42697.605
2019-07-31 14:00:00,43421.39
2019-07-31 15:00:00,43757.918
2019-07-31 16:00:00,44222.59
2019-07-31 17:00:00,44770.605
2019-07-31 18:00:00,44685.277
2019-07-31 19:00:00,43990.035
2019-07-31 20:00:00,42214.8
2019-07-31 21:00:00,41461.098
2019-07-31 22:00:00,40707.29
2019-07-31 23:00:00,38414.547
2019-08-01 00:00:00,32219.438
